disposition_id,closure_reason,closure_ts,closed_by,closure_team,root_cause,true_positive,false_positive_reason,risk_accepted,risk_acceptance_authority,remediation_status,remediation_reference,time_to_close_minutes,made_sla
f5aa77d8-4640-4bca-b403-b43da9633ff6,,2026-08-11 11:36:32.431176983,bf885b79-fbad-402d-9c56-c6acf69a42f8,b4319d37-e5dc-4863-941b-d5bde340bdbd,,yes,,yes,269b5f89-f1bc-4ab4-94d0-5ace7b19260c,closed,11250646-0963-47f6-aaec-ef3eab7855d7,40.5,yes
6baf2d4b-860c-4350-b1c4-722a27ad7c05,,2026-09-01 04:51:48.387936965,82baceba-f341-4bae-9c16-18ef429a2cb6,2446c4c8-2317-4119-bbcf-c3dbcf1d9352,,yes,,yes,bd781a49-1df9-45f2-9e62-7934c4e3b7c1,closed,3c4110eb-05a3-40ab-adc4-d2777d47609e,3032.3,yes
123f1bb4-36d0-4f60-9ed8-464a81ba19fe,,2026-07-04 06:10:07.029079406,3425faeb-ce87-433a-8cd0-3f0d045fdb46,0a146bf7-0f00-4167-af01-bb22aab03e6f,,yes,,yes,,closed,6edc9d92-a1f6-4373-ab56-c8a1eab019d0,1438.1,no
71086ecd-7bd0-4902-b8dd-a94f1dd854f7,,2026-06-20 15:30:11.891977480,d7b8f1ec-ae4d-4901-9314-dbf10acc4c1f,34e00ed8-57d7-45ca-a38f-20b5441043f6,,yes,,yes,7f253bce-c41b-4f68-bc2a-47d9bd699e4e,closed,f27614da-561f-486b-9492-943809a7cbb9,8569.6,no
af478bde-7833-46e7-b974-bca71a970695,,2026-06-01 04:09:02.456191992,cc43ac46-b319-4453-9634-da3fa9a410f3,04f97f4d-8e59-4c82-abbd-8c1d07962148,,no,,yes,c89da3e6-cd7c-4394-9a03-4e53d31e5af9,closed,3d290c11-f0cd-466f-aa40-797a892c7dd6,2287.5,no
a1e16311-774f-4aa0-b5ef-fde4966ad9ab,,2026-08-04 22:26:10.528497937,6d469e8d-445a-4030-b0a0-78aca9ad70a9,752ba906-c7d2-4115-bded-e561eaf751f7,,yes,,yes,f2ad196b-8674-41b1-9020-53bcefce570a,closed,aa560f5c-4089-4db1-9d4d-cef7ed049a25,1277.5,yes
5739031c-4126-49ed-ab4f-005b2eefa568,,2026-05-20 17:40:24.586065784,f22aea80-20a9-4d94-a85c-5f96bf1be846,afd950fa-853d-4793-a228-20237157d937,,yes,,yes,30a9dbb0-6c63-4127-82c1-95961bdae370,pending,,921.8,yes
39b759df-0c6f-45ec-8d5d-f8db4df3c214,,2026-09-12 11:33:52.577703055,181c4146-3f59-4272-b898-7b330f566025,b61e6c32-cc31-411e-8ab5-9de66525a61e,,yes,,yes,054119db-4696-44b1-8fce-2a61d20f11da,closed,ba72c7ab-3200-4cae-92af-85434aba7178,112.1,yes
3ca5d9eb-ee52-4429-a96a-40a8790b0262,,2026-07-20 21:13:56.194566211,d21b0f36-5cf3-4d4e-95ab-abaee011411d,9634b451-76d2-4367-822c-227503eaba12,,no,,yes,108a269a-b7a4-470d-86fb-de9f6108f8e4,closed,5fb17105-7d4b-450e-a692-6fe58cc87f47,1430.6,yes
d56264fd-991b-407e-b60b-9784e59eb6c1,,2026-05-24 22:03:02.282825728,55cbb7ca-e29c-4921-9783-7577f37b199c,825f2998-cf84-4663-a244-23da8f321c56,,yes,,yes,1530a85c-5b79-4fb0-b380-9a019485b551,closed,43327ee4-edf1-466c-9579-ea2ccc1482fe,30144.5,yes
a55343f1-6b88-4f6e-9566-6513d800a735,,2026-09-08 20:01:08.660420311,8aa1aa96-aeb5-45fe-964a-4445e2005e29,ead555f1-0d8d-463a-be60-d75436307f29,,yes,,yes,4190ad7a-a4c4-4780-b486-1cbf691801b0,closed,9590ff72-1466-49f5-847b-1f9148de8bab,659.0,yes
c3902c66-69b6-4724-a47a-cf38beb2bf3b,,2026-07-05 13:00:47.758833625,b807b585-e104-4a3c-9910-a8b0a9ea8fdc,9c6121fc-67f0-4b0b-bac2-b5cbc8cc7de9,,yes,,yes,6491ee5f-936c-4796-be03-1ac39e9e25a6,closed,f3fd0b72-197b-4075-87fd-0ebf3b23db50,8503.0,yes
bb0f1aa8-db2d-411c-a1ea-d1cf556cc43e,,2026-08-25 00:15:29.075052065,00f24000-d4bc-4e48-bed5-7ddc758cfece,b80eda05-842a-456a-ba72-d38588bf3b49,,yes,,yes,7dd921dd-2ff5-4124-ab2f-bdc6d96f6cf3,closed,fb55ad99-cad5-4239-aa5a-193db52e6708,1126.2,yes
81747c68-2cbc-4cd8-b6fd-69aa69713a53,,2026-06-28 17:08:18.280979266,fc5441f9-a5e5-491a-a736-6987c06c2bb7,a6f2b023-7782-4527-adba-e8c8ab6623e3,,yes,,yes,,closed,4b645c07-2bb3-4287-906d-dbafab7e50aa,40783.8,yes
0fe7313a-fa15-4140-aec8-60e22d8dd35b,,2026-07-04 18:23:07.710716212,94e7f2f4-09de-41f4-977d-6f18204c584c,4d260bc9-6cf8-4c88-a72c-2f7292ad00c7,,yes,,yes,cac88e10-9090-4bff-8575-5d311028040c,closed,84a07ff8-0a41-4841-9270-16a2576b22a5,49.6,yes
8ed4cc7b-c4c8-41af-9a5b-40e113ad1520,,2026-07-20 19:58:03.812686665,f784be76-c9f8-4336-9838-be09be653a7d,54f8d616-7b09-412b-bda1-815ecfa95666,,no,,yes,,closed,760b856f-2fe9-4c5c-a45b-1fb42e1d5ba7,94.5,yes
8700b89b-3190-4884-93ce-9757b94cf897,,2026-07-05 09:08:48.569787855,aaddfcdf-1541-4631-9a0e-b2d5aa09dfa4,402bce6f-98d1-4dfb-9f6e-01f090b2b6f7,,yes,,yes,440ad63e-1a54-4c04-874e-6bbff57741b9,closed,1f5db5ed-4113-45e6-9954-ff16760b99b2,586.4,yes
7ac7cf41-2af7-4a62-b323-64094248504b,,2026-08-30 13:47:39.247595027,d1ac111a-5251-4ba7-a84f-0f4897882c5e,3e236a89-9195-4f6a-944f-615627b42615,,yes,,yes,,closed,baf4b80f-56f4-4650-a3b0-4e59f6bd5c4d,493.9,yes
380fad3f-2132-4222-a1f4-e06b3799ab69,,2026-07-20 01:58:55.875897963,de835c15-717d-4b89-93ab-2f9ef5953605,7d7660e4-a2cb-4460-b44c-fa25107c3f7e,,yes,,yes,1c671e97-478b-40f1-84ac-9de779f1ae3f,pending,,788.5,yes
6be44e2a-04d6-4441-9642-220792b9ba31,,2026-07-16 02:31:32.115088725,12f9cd13-a407-4a32-8c77-88e4d9bdabbe,4783ba4f-a972-464e-8ff4-c4c9a7b960d1,,yes,,yes,,closed,e1f2efbf-5063-4b2a-8b10-f0a37bcebf87,4639.3,yes
7d03ec3c-83bb-476f-ad47-a5cc5b75374b,,2026-06-30 21:24:32.367382042,6075ed21-90d5-4982-9bb1-d3d709d7dd42,b1ad91b3-bb3f-4a65-ac0e-ca17424e67e8,,yes,,yes,57cec041-1c59-4c7d-9f49-615420a38360,closed,bc1bbce4-b91e-4c6f-a428-a08a0511ec11,7446.9,no
0eff31a1-5f35-426c-b165-2d68254c9746,,2026-09-13 13:04:19.342365195,cbec2275-e4ae-4577-bd54-79364e6e2ceb,4d753839-8182-425a-afcd-553655a9fc92,,yes,,yes,0020c446-aeea-4f61-9c10-48b6a02d89ed,closed,5a75ee67-6650-4f17-bcad-586f4bdc86d5,5589.1,yes
9edca914-de21-409e-9705-ed3922c11a8d,,2026-05-12 13:22:00.710466226,44221605-e1fc-4371-938c-9c55e505c136,183ee1f4-00a4-48a9-860c-5982ad93e7e9,,yes,,yes,be892d67-98a0-4f60-af08-56e5b66922d2,closed,fcc6435b-63c7-429f-ad1c-f622f1e6e509,1131.5,yes
f63bd820-4089-4d26-93b3-a416077d5e1d,,2026-08-25 03:28:07.823855532,77f20364-c86d-469a-af3a-eb5a0e271f9e,901aab94-098a-4fe8-9617-654ebbb0788a,,yes,,yes,355df314-0ed9-40e0-96b1-dfb91ce44bd1,pending,,1224.7,yes
2a4cfbd7-5ae7-4746-9b79-974a218235cf,,2026-06-19 16:13:41.653437086,d122c3eb-0d0c-4f61-ade7-eaab335568dc,7dd8ad7d-76ba-4c38-84e4-c133891c1830,,yes,,yes,8911f7bf-7ea6-48f2-87bd-7a99878d2a51,closed,345eecea-2b08-4d12-ad96-a20b5b9f5128,60.6,yes
cd05f6d0-b1fc-4470-b60a-e6a7a09fb7bd,,2026-09-20 20:04:13.903624136,c849221e-ce82-48a1-8d1b-3ea545043953,65479a15-81c9-4e67-b6b5-73814d0b5177,,no,,yes,fb019540-2b6e-4996-a53c-d864b5cd2ead,closed,deb7f6c5-6fd3-47fb-9cda-1f989edaf319,17788.6,yes
75a0bb6c-63b8-4f8f-b8f5-b8e94fe34f89,,2026-06-18 05:31:16.268202439,552c3c3d-6c78-471d-b925-57520b63254e,0d94db7d-24f7-421b-a7d6-935daaa6aae1,,yes,,yes,081ddec1-2d7e-4071-8451-7cce137d40a2,closed,cb15ca21-0fc1-40f3-845f-b07991b8045b,40330.2,yes
a2dbb3f7-886a-402a-8aa5-f27ad837de3b,,2026-07-28 07:17:28.962585299,71b89b78-4be3-4bba-826c-5cd2d23122d3,fc3ebbb0-36f5-424e-b43a-9c7f521f7b5b,,yes,,yes,c9c1b1a2-23ba-4bf2-b5a3-54ca33d10c91,closed,61e97216-e73b-4dd8-bd5d-d9765a7f88ac,605.4,yes
758998fa-f37e-455b-b08b-dc15a2a6394b,,2026-08-16 14:41:06.786879750,b7cd33d6-121f-4b39-b440-6bf1e74c8768,3d89fc78-4e5b-4a9a-8aca-b3c4a194d424,,no,,yes,0b49475e-e703-43c3-a466-2a84478fd7b6,closed,99c7912c-52f0-485b-b977-fdac0adfea75,16.2,yes
913b5da6-050c-4034-a163-43ae18dd5e78,,2026-05-18 01:25:56.135947216,271cf821-94d3-4814-8348-da40f7a4c13b,182378a1-6cd6-4ee8-ac42-5a08a680c6c3,,yes,,yes,47ccc1b6-6819-475e-b913-14819a6f0568,closed,5e0e6468-d845-4663-bd44-8ed334d84210,118.8,yes
88568cbe-66a3-4cc8-b183-35539e680d6d,,2026-08-24 17:32:24.033193745,71603acc-86df-46ba-937b-56c193ceaecd,7f4f4925-dd0f-4b30-9e8c-5a379c755b6d,,yes,,yes,0806e409-a3a6-4079-b117-9e7732f04a05,closed,8ecb6245-e03d-44e1-ad6e-d2500b1a95af,35751.2,yes
e0581f48-b070-49e4-90e1-2cb806d5ed9d,,2026-09-22 00:01:21.916691261,c42a64a8-0c3b-4910-aa98-b5812d39e6ea,082c4af3-2312-4515-89e7-c2f907561e6e,,yes,,yes,3f3c2b63-023b-491e-9327-b47d94a21d50,closed,2edbb396-6fbb-4d77-a8c1-1258ada58f23,606.9,yes
86424000-597f-4d3c-b152-2815b09a35c3,,2026-09-03 12:06:12.360426375,25560ee3-89f0-4056-9846-14a52734a0d0,7f6fe2a1-8f9e-41f4-a726-632553546d47,,yes,,yes,7c9b60bb-2b32-4447-952b-d95c0cf353db,closed,6bceb7b9-f1f9-40c4-a228-f60b68bee6c5,177.2,yes
d1fb8bb6-e043-4038-a2af-af6f60536e53,,2026-06-12 01:47:35.456723634,733133a2-909b-48e0-bd3f-347a14bf52b8,47dff7b1-bc74-4f28-aaff-84d3e29a6e65,,yes,,yes,adf45c67-901c-4f37-b8b9-d3770f780cc9,closed,1e08fdc6-cc81-4224-82ec-5ad2a9600d30,35.8,yes
deeaf34c-be95-4431-9952-fff3cc5f4b82,,2026-04-17 23:42:20.665746524,7263512e-40b2-4bb6-bdc7-b22fb1460f95,66780fb4-0e9c-468d-a17a-47c95290cb8b,,yes,,yes,98c38ab2-46ec-48d4-9ef2-1bef819d9f0c,closed,6367e2d4-7123-43fa-a639-566104c22937,15947.1,no
3e20464b-eff6-4ecf-835c-301d9afbf7ab,,2026-05-15 21:29:05.103891312,7f5a3840-044d-4a0d-8973-8a2e245bf235,0f29eb5e-50e1-4692-b502-7e81d9a995a0,,yes,,yes,2a04b13f-a606-4e5f-ad27-32f17bd82940,closed,e2353656-2073-41c8-a6dc-0d2499a0398e,15.8,no
17ea4562-ff24-4893-90a5-5d6e2024cbc2,,2026-06-21 23:31:21.266655984,109b3fba-0724-455d-bee2-5631cc01bbf0,dbf6c337-b4e1-4cce-b4ea-af07fa300be1,,yes,,yes,731844f4-ebd2-4fa0-985a-1bed4ecaa5e1,closed,447a9550-d990-4f1f-8d2a-2e23297e6b9d,54.3,yes
85e67623-467f-4541-91e0-18b0c3752471,,2026-04-10 07:36:30.114579936,b10cda37-de70-41c5-a0a8-e1b64e7fb93c,b4161bba-fadc-4cf6-90d5-b0becba55ac9,,yes,,yes,92f71bb3-f861-441b-b336-737bde4ca822,closed,59e57fef-1053-4f08-9e7e-f2910b2c602d,3561.3,yes
4a9f08f8-f6d9-416b-8541-8f5ee8367ca8,,2026-04-01 11:51:46.253868094,032c1bbd-9cfa-4702-a8af-03fd0755d27d,e49c81c1-1836-4d92-a0a1-659f4d1945d2,,yes,,yes,15b50757-ce9e-4915-87d4-b1c4b36650ab,closed,8007ca4f-7e9a-4c5b-b82b-6800afc4abcc,1327.1,yes
2cb0b61a-1700-4bf5-9d24-03ac900e3451,,2026-07-01 21:33:32.376991911,19731174-95cb-47d3-907d-141fe84cfbfe,f5f78c76-269c-4eb3-aca7-ee6b092b9cc5,,yes,,yes,,closed,331c9787-a07c-4178-85a6-579b3a7dc407,91.4,no
7596dee9-f1fa-43f3-9468-31de3acb8a43,,2026-08-16 03:18:03.580935642,9dc18029-0061-4755-a593-beea40ddddbc,02c6b4f2-7b93-4c74-a3ce-1790644c1b32,,yes,,yes,9a9fbb7c-99b1-4843-8293-7ead8ff73614,closed,813edc8f-5bc9-44ec-8a56-a8afa9d83f14,961.1,yes
4f875ed4-7f34-4946-9610-7c6a9eefe912,,2026-07-17 19:58:20.998003564,ff44124c-0f75-4d31-8082-e9172803a96e,cc11ccd7-97c2-40c1-ab40-4a092b4af1e2,,yes,,yes,b3133538-7c11-43bd-99af-f2f92e988928,closed,04b21cfb-0c5d-46d4-8748-f0ba4b4b1131,64.1,yes
4e36e9d1-2211-4ddc-85d3-19dcf5c98bf0,,2026-06-03 12:47:53.603133288,44ca18d2-6fd8-4242-b9a8-166b491d0ed3,7d5674f4-3267-403c-bc48-36dce2fca0c0,,yes,,yes,,closed,6aa976bc-8e0f-4669-b9ca-39f87118d5dc,1251.0,yes
75b3d38b-e8d0-4f3d-ba95-3f3a123e76ab,,2026-04-02 12:37:40.024449480,1a816a08-707f-4ec5-81d7-2c1693951947,e23f1bba-7b81-4b87-a0f5-c3ab7fde2d88,,yes,,yes,87eec50f-abe7-43d1-bc64-766ddce3d0b8,closed,e70510fa-28af-4222-b470-48a07209a8d4,4034.0,yes
a27f304e-cd0a-4b5b-b161-244f438f7001,,2026-08-18 03:03:44.841818692,d7dcdb7b-fd40-4f67-bf2a-7d6e034e006c,e38bc0a5-0b49-40bc-a56a-cd1602a022b3,,yes,,yes,6eb72d1f-c398-4532-b721-9899c8db114f,closed,59d54676-218f-4e6b-8125-07f871bc8d7a,19.5,yes
aa39b014-52aa-47ab-b456-56ab178b1497,,2026-07-20 22:22:50.918446375,4b6b337a-04fb-4ec2-ac41-35841f194425,38bcc1fc-6a85-40dc-96d7-15d3f04a7067,,yes,,yes,,pending,,96.3,yes
9fd43be4-90af-40bc-9cba-6d69e2da8568,,2026-04-26 07:53:57.693765400,16a45937-e418-41b4-b71d-7b36599b05af,0fca3482-54b5-46c2-bf84-3b0bdd97d652,,yes,,yes,0a9fee6e-b9e8-4b3e-b48d-b8bb86d1761e,closed,fe97e900-c58d-4758-b4d5-2d5e9e9b0517,89.7,yes
e2ce420d-4992-4f53-99e4-0c7db23a7c6e,,2026-06-29 04:05:16.871788817,54dd81c7-d5ce-4e60-9d52-b189df2dcb9d,f4dd24d0-3cc1-4016-83f0-59cdf0b71306,,yes,,yes,9fc89de8-f2bd-47d3-8d61-4884bef94cff,closed,86cac10f-ac09-4d55-be60-7b4adff16eac,100.7,yes
ff78dd8b-08de-4f5b-bd2d-9bc9a5338238,,2026-07-03 18:27:33.437115193,8f2ce6e8-bef5-478d-928c-ce1a08b14d4d,861a27d8-ab99-46d5-a4ff-5ad62085929d,,yes,,yes,,closed,34a82c5c-a995-4e2f-b381-9d9bf157bcc9,9234.5,yes
f690986d-87df-42e0-83e7-a2d3f363bdf8,,2026-09-03 19:14:46.743208172,00c83c07-0a06-46f6-9e6c-be106ce727b7,2d792b70-7f63-4e4a-b4a0-5cbe039456c5,,yes,,yes,,closed,f322b203-3b13-4f38-9a03-4059baa2318d,607.4,yes
8b2161c5-a252-4a2d-83c5-4bacabfef1b0,,2026-09-19 21:30:24.179233756,764e185c-d8f7-4ea1-a373-0a8c8cd608da,6df0a3de-ac02-4fae-8b36-fde7924c5b00,,yes,,yes,8e6b8683-97a0-42b0-a439-ea5cda79e4bf,pending,,94.7,yes
297fa5c9-e5da-44ff-b102-01d554324bdf,,2026-06-15 21:55:33.023109362,a000d490-e732-489b-8123-2f588255a11c,302de8f5-51a7-4344-922d-a9dbfbd2b94f,,no,,yes,44e621ae-a118-4d4a-8cf4-f9ef9019efed,closed,f7918def-8758-4df1-bbd5-cec473f1eb22,531.9,no
377f20b7-fb82-4295-9c9c-407dcca6ea0e,,2026-05-05 03:06:08.989559318,6f7882ea-5de8-4e6f-bad4-7c83caa3d9ca,8e083bed-830d-4581-b9aa-0cb9113b46af,,yes,,yes,,pending,,835.3,yes
738d3734-4bbe-4a0a-b96f-571f3f8ef09f,,2026-07-19 16:59:49.112671433,951e7563-6bfe-4457-bb58-a16ca258358b,5947c6c9-d909-4234-aa6c-a1b7224c8364,,yes,,yes,904479bb-cd90-477d-8d06-a6af5a9f3708,closed,0e3888ae-0740-4b65-8f9c-676473782c24,37292.2,yes
a7227664-5332-4284-bb81-fb609aaf4ca0,,2026-06-12 17:04:03.013716792,999db6e9-0bec-46e7-8289-ad197f566297,1a5365b1-ceb1-4c9d-b1a3-12f170667976,,yes,,yes,699d445f-351f-4d26-b671-e850de5904aa,closed,c1403e36-9cfa-4ac8-934b-68aeb1db8408,794.5,yes
067efca3-8530-4bd3-8fbc-3c4098116c52,,2026-05-22 19:28:30.439378236,7bc4c3c9-92e3-4755-8bbb-801697589ced,ea71b1b4-e713-4a98-ad6f-e6bb88f73097,,yes,,yes,75aff3d6-1263-4fc6-b859-81ea1bc04a48,closed,610f4077-7aff-479c-9f21-507fe7100534,13855.5,yes
82809a2a-79f4-4eb6-b105-ad1778065c07,,2026-06-18 08:23:13.583233647,25611283-b098-4de0-96bd-53b17d52fe7a,f66f2e1f-f781-4e35-8cb3-62626ca452ca,,yes,,yes,,closed,caca5538-1a94-4fd1-a542-af8ae15db116,5108.4,yes
03a94fd0-5530-4ad1-89fe-213ce47d79d1,,2026-06-21 21:21:31.455904907,05e062f8-0603-47e1-8e97-ff62a154819c,3886d879-a912-40ea-90fd-4706ac2a1cce,,yes,,yes,,closed,f1d13fec-d0c8-4e26-a455-e5c7dee6ed81,27602.7,no
770dc06b-d290-454b-8e10-0b5ec92e1c52,,2026-06-24 18:22:42.904912765,d449170c-5727-4071-b012-356b489bef27,9e5479cc-2d2a-465c-b1b8-587af227023d,,yes,,yes,703a1bec-f739-4c02-8fa8-aa290cee06d7,closed,f4d41ba2-3160-4d61-a224-55e2ff7ce063,971.7,yes
4c904ad0-6f10-42f1-a138-94985a0f3c12,,2026-05-22 10:42:19.323275372,24549526-6752-40eb-9c3c-6959b37bbe2f,3359c9ec-6781-44ef-8600-f42ef636c646,,yes,,yes,145166e8-1cdb-4ce4-b654-8ed4df238735,closed,9a62a88c-4484-4765-9782-bad0270cb8ad,7333.6,yes
5cd8edef-543d-4227-9277-4b222cd5ea14,,2026-05-01 07:01:45.682108978,807ac82c-eed1-4321-aeda-1046099bb13d,d08818d9-9b56-4f03-809e-701dda1ecef4,,yes,,yes,c177768a-f345-4f5c-b621-9dcbc6db7403,closed,a458de2f-ca14-4aec-9006-cf62e61278cc,13770.3,yes
3f1d4aae-fc1a-436d-b0ba-69f89df20ad1,,2026-05-11 17:17:52.837614532,c68e3299-ac21-4709-b107-c60879eec7f7,4378d131-2b5e-4482-938e-15543f25c29f,,yes,,yes,,closed,4b930adf-f5c3-4670-b841-a74471f7e62a,1328.5,no
20c14a98-f7ba-4a00-82f9-ef3a386b3e55,,2026-08-06 13:10:22.558386703,56933578-92ac-4136-81e6-53eaadf4dc76,6c26681a-8956-4869-b2a5-726a04f89600,,yes,,yes,f724ef44-5109-4258-8025-4515dc79818b,closed,fe51f07f-8dd0-45ee-a510-12ff0917c046,1254.2,yes
a9a56715-0635-482c-81c3-d7dff4f2aeb0,,2026-06-01 02:45:47.802270208,64908850-9e71-44c8-9c1f-c0b2724ec345,1c2d2b6a-54f3-416e-b0db-73cd116c9345,,yes,,yes,,closed,2bb4c01e-9ac0-4279-9512-e57aafce0d46,86.0,yes
6e265587-51b0-45e4-977a-9bae5dc3573d,,2026-06-01 18:16:44.723994390,71788346-eea8-40ec-8162-272170680e6c,309b754b-2ddd-43f9-b108-ca57909a6d4e,,yes,,yes,1e661a62-f6b8-4520-9379-f9ca79039e16,closed,d04b333c-1cae-4616-9bd3-11017a90877a,1753.2,no
2afdc065-4ee9-4d38-8e86-dd0f575bb175,,2026-05-10 01:10:39.296210996,83ab37fc-b585-4ed4-945f-78ace207c191,c7d2b8eb-e152-4351-9802-d92c09551263,,yes,,yes,c3099c7f-9b66-410f-b282-176eaaf4a98f,pending,,1339.8,yes
e381de16-886f-4409-a0b7-b5884255c97d,,2026-05-20 11:20:26.962022992,5d270ed6-c1e5-47e7-b7fd-9d512b2c2905,a345508a-1956-4052-8d52-c66e536a48a6,,yes,,yes,a3a151e3-1623-40bd-b43d-c515335dd365,closed,ef95e4d5-173c-4193-8f42-bd15d1224114,87.3,yes
1620bd6e-ff63-4808-bbfb-47d77eba5b35,,2026-04-12 01:50:21.908684058,2fe6563f-dafa-4c2f-9277-e0c61a612606,c2e3298e-7327-444c-9a23-708b911eb873,,yes,,yes,78a0005c-0714-4bba-a600-0d2566a08f14,pending,,8315.2,yes
42bef85a-b7e7-4698-8147-07cb9818b0ea,,2026-08-13 15:16:34.138912306,20b40c97-6c41-4a42-9564-113291a9c457,d9c0b7e6-577a-44d4-a53b-307c9b4fad84,,no,,yes,0107c156-920a-44e4-9cbf-03ac6fb66444,closed,47e92249-1cee-4690-baaf-38a0c4029ab9,108.9,no
dd57ef3c-388c-4b3a-ba27-25d935e0571b,,2026-06-19 16:24:29.095471215,e817dd44-6972-4cd9-90ea-21f5839cc148,d55c37d3-26df-45ba-9223-284e931a94e7,,no,,yes,fec51ba9-2900-49c5-ab06-d7597ce7aa85,closed,59be28e9-9cc8-4d59-a87e-fa4646f13a28,2902.5,no
6f528670-8016-4c5f-8b1c-9b6deabb77b7,,2026-04-11 16:25:51.674515274,73e648c1-c2cf-4eb9-9416-57efb1fafc3c,7c64413e-d0c6-4e1b-a9eb-1d2cd87d30f3,,yes,,yes,,closed,952b426e-ac0a-404a-8be9-bca04ed615fd,27.6,yes
34a252b1-a764-4f83-b763-c9faa06d7749,,2026-04-20 10:45:08.982258358,badf057e-9ea4-40a0-a67c-ebbd15caefa4,3ad93b64-0413-4f80-a838-4c01ae9c4cb8,,yes,,yes,,closed,dd29d83e-f60a-4b5a-923d-ddf18eb60f32,115.4,yes
6021c001-810a-45b4-904c-faf485ce4f4d,,2026-04-12 14:56:30.872987150,ec096b33-9da0-4b38-a5b4-ccd8291d793e,fb5fb23c-7fdc-4365-9fcb-92bdfb3ba602,,yes,,yes,2cd9b71c-85a8-440e-a85d-87e2bb29cafb,closed,85a7a7fb-a20b-4ea0-957c-06c3da936093,1436.9,yes
ec81330d-dd02-42ba-a2cc-aeb9d049a9a6,,2026-09-27 17:25:29.416943885,598e7b84-b4f5-4268-8292-b91567151680,13a71efa-9df8-4671-9e42-b4396c729136,,yes,,yes,f6a8093a-340e-4b54-857d-34b1e5f0451c,closed,07a3babe-588c-44a0-a02e-b6ffb445cbbd,82.2,yes
90791af9-ffc3-4cab-bc15-1919bd2fe58f,,2026-09-06 07:42:42.747363242,23a8937d-f6a5-493d-871a-19f4de0babf9,03ebb0ae-ab7f-4ada-95ec-aaf598e05724,,yes,,yes,1d6796b2-9918-4844-bff7-1e2117b7bb4d,closed,9e47da01-be03-4b21-93f8-d2e6c1cffd20,99.3,yes
3a012b0f-6e1d-4ab9-8c5b-ef94beae09b1,,2026-08-14 04:57:22.751349764,717c12b4-ee52-47ba-ac6e-43e5a2ce8d70,dacc8028-e045-4a3a-9b71-4c2a2330ee8a,,yes,,yes,18689635-dff1-44aa-a829-3a7928a6c9a6,closed,d88936b4-9a79-4010-bbde-3158ee90af56,67.1,yes
5bd58ac3-64d1-4018-a214-cdbc36fe659b,,2026-07-04 06:43:21.493094145,34a36d47-1539-471e-8617-03cf230c9a2c,d47af722-35c1-4a50-ac3f-db37bf2ad8c1,,no,,yes,065497f6-e1b6-40bc-b575-facadf04af8c,closed,9ad25379-1af7-4caf-b3a7-119d368fee1f,5800.6,yes
c3ef08fc-3e5b-438e-993f-88bafa07abf4,,2026-09-13 23:30:24.385369239,7a121dc4-6954-4f0a-b29b-bdef296ed4f6,637bb0e2-b814-4abb-9911-c8b76431cafb,,yes,,yes,7acac476-b7f6-46be-970c-e09882461c9b,closed,de54965a-73f5-48df-a9fa-66bb71e0e8ee,50.2,yes
9fd97fc9-bbfb-4644-a0ce-f718e7366edd,,2026-05-24 20:48:28.986941504,2dfdd2fa-077b-4ad2-b7ea-c6bced0e86b7,77536d20-e7f9-4041-bcfb-65d2257c7177,,yes,,yes,6b443866-a170-4379-998a-a46143ae300a,closed,f243be9f-40ff-4695-91b8-fc216b3e9a24,777.3,yes
2b487fdd-4471-4256-a1df-269a9dc43caa,,2026-05-06 21:20:56.607302184,2361ce67-f053-4836-a3e7-492a0ef0bbc8,2bd07774-9a2e-4ce2-9326-3001f6c61858,,yes,,yes,,closed,06c0d188-bcc1-4031-a990-cd525aac71cf,1286.3,yes
1522f543-57b5-4619-b868-d54b34a9af47,,2026-09-09 21:59:15.394106722,54540f81-1508-4363-b588-d4b8b1024c47,801546b2-0cec-4000-8441-7b5478f3dc40,,yes,,yes,3bd8ab50-50a3-4c2f-b50d-ef5a72353a7d,closed,6b0a9c66-3f50-4774-8734-daa96fb6638c,1191.1,yes
d3c54758-0a82-4621-b418-c630347a8bd9,,2026-04-25 13:52:41.109212230,5fde011b-b409-4181-8b99-a1a850858263,dcf8980e-4f1c-4779-a5e6-d9ef7629ecaf,,yes,,yes,,closed,3ee71684-df94-42b3-a042-bfd31f1dd690,41.0,yes
c032dba3-642e-4bfa-a833-83635c555415,,2026-08-01 18:44:04.088737352,c95bd2dd-37b1-45bc-afcf-9a99e6bb58ad,243c152b-0f14-402a-a45e-14a7a9a75244,,yes,,yes,,closed,924b41ca-1e51-4f00-8c38-bd3171d3a154,1385.4,yes
3893fb27-42b2-456a-94d1-d8a8ca4e2b45,,2026-09-19 07:50:13.117215938,87364eb5-0bf7-490a-bb06-ac8d3f03909a,31063f7d-1335-4941-91c3-5914c5847bb5,,yes,,yes,,closed,595981c5-f946-4fad-87da-ff63de8c5a51,8729.2,no
4591cde5-a658-4d42-94a9-29db3465f11b,,2026-05-16 01:52:01.947055476,f5796607-5c70-442a-8477-d10c0d77d350,e9cf0c1b-9729-43a9-b883-4097795946af,,yes,,yes,5fbccd12-997b-46bd-bb28-1c6210f92d6f,closed,c09414c5-c342-447a-bab6-e6dd7b8fa72c,581.3,yes
86a6d126-9058-4fd6-bf36-050533bbbaf5,,2026-09-09 19:21:45.890475326,686e9aef-61d6-4045-94d1-6925b4db8216,e6c6d92f-58db-44cb-ac84-9264a22eb118,,no,,yes,4e3e53e3-751f-4d6c-9ed7-986670d06aab,closed,eb79279b-f8b8-498c-9abe-56052a79371f,75.7,yes
3143f266-8c77-4f42-bed7-9a366f0785bb,,2026-08-13 21:58:08.345986782,1e91e4a1-deea-4dbb-b693-4ebf3cadf265,3bf5530b-5540-4a85-8cc2-b395cb881b0a,,yes,,yes,ffa3f609-51f6-4b61-a0c8-7f51b9cbf496,closed,e434c47d-7810-4c19-b928-41fdc61e93bd,1059.6,yes
38d2b5ec-6ee8-4775-8ff5-f5004fd9695f,,2026-06-17 07:29:04.692596449,d677b4b0-15ec-4de6-b3fc-b6a1defb114a,ffefa511-b164-4c5f-be10-4de9f1c43509,,yes,,yes,b20ba61c-5e1c-4124-8141-15a6ce651278,closed,d13d214d-e93e-4bfa-a83e-5346a59abc57,951.2,yes
1a1aea8d-426c-4aa9-881b-627e9e1267e3,,2026-04-22 16:51:16.698007082,d3f42647-5767-47d7-ac90-c51494efd343,40c7c054-7d2f-4dc9-ab73-f65bc628c8e7,,yes,,yes,475138d8-30b6-4285-88a5-84db44bae12d,closed,ced2a3c0-aeb1-4853-8be7-0289c94b952d,83.1,yes
c10cafe9-12be-4f67-8b62-9a344633b580,,2026-08-18 10:18:38.946832060,bb6cc1d8-9631-4590-b0ec-ca7aae1c7fe2,468bbb96-64ea-413c-be50-350149eb4c51,,yes,,yes,810f473a-73d5-4dad-82fd-7b893d22ccfa,closed,487364bf-c22a-4591-a71d-df2df6d17ee9,809.5,yes
a07cfbe7-ba4f-4f05-8b3c-e87167004410,,2026-09-02 12:16:43.680557585,45a27e40-d398-4290-a68b-d5299927a0bf,815e306e-4f94-447b-80a1-3138509f4da5,,yes,,yes,6d1f8ab9-47a2-44b4-a074-fe9e80eab352,pending,,1167.8,yes
8deb8afa-1190-44f2-99f1-56db2b4b60fe,,2026-08-10 16:31:25.941923585,9d2fec38-482e-4076-9b87-ea529485219e,b17ece2d-2bf2-4daf-a61f-6d67051995a9,,yes,,yes,62cd1b2b-29b5-40df-8818-239240b8eb4c,pending,,736.8,yes
0aa5f8c0-1f7e-4c09-9c2b-4e67cbbcfbd6,,2026-05-17 17:43:11.971304612,eaf2a098-eaf3-403d-a519-72fcc0ec1ead,67abad70-5f9e-441e-8708-2ecf850015ac,,yes,,yes,880343a3-def8-4d7e-a4dc-f2b803f6e1f9,closed,21611f07-5b15-4f3f-8a10-effdc598ea63,3450.6,yes
47dbf11f-08b9-4489-a1d5-4f1078417212,,2026-07-04 18:37:20.918125357,44182f2a-3289-49cd-803d-6748392fe6eb,1a69ed57-8ddf-463e-a7a5-03f8c9af1938,,yes,,yes,26ca492b-0511-48a5-bdcf-62cd5229cb08,closed,d47f9b6e-7b3f-4c43-8520-e14a006aeb9e,66.0,yes
2ce8571e-c915-4231-b243-67958bdf8da8,,2026-07-17 15:32:25.584994141,0b79f0d4-4558-4498-9608-be4154e7fb97,3c82ec21-269e-4a16-abae-4cc58635e3c5,,yes,,yes,ac4827fb-106e-4d0b-80b6-4f5e2a0a72f0,closed,db1e6a00-0934-42b8-9838-c2dcfeabc0a5,1329.6,yes
ff801da4-cc67-44f6-8872-929b13368fec,,2026-05-02 00:05:03.690031898,dbb03c11-8b0f-490d-902b-af273f34d9c0,73732d54-1c9e-418f-aec3-2a87ee4c24ef,,yes,,yes,8480f2d0-0658-482d-87d4-1772ff35c602,closed,4bd21c1c-ab31-4cc0-9a75-eefa0f9dfad7,102.5,yes
b97ce8ef-dc1b-4724-b3f3-2387efdfe299,,2026-07-11 06:14:06.649889860,390a4efc-6bc2-4ea7-89e5-b1439c40ef07,575cb016-1eec-4d92-a5a9-0059e48fc8f0,,yes,,yes,1e8eba97-25e9-4b98-a65b-dc3f8922a05e,closed,0bf69f9a-726b-495f-a9e1-7984e8866676,3001.4,yes
783e63e8-2371-4cbb-86f1-da25178a5f7f,,2026-08-29 09:56:48.752198492,241ca98b-7408-4c24-9529-894ede5f94bf,f141fe48-431e-4454-b514-4d6f27d45b37,,yes,,yes,a6f82ff6-2746-41f2-b12e-33981c0f99c1,pending,,404.0,yes
2f0d167c-db32-4a0a-9fe9-e6059e7852d6,,2026-07-19 17:18:43.837663567,c26c229c-11d4-48cc-b247-779fd0e5ff5e,6a3ad376-a03b-4282-87eb-a830b2be110d,,no,,yes,61006337-8a66-4b81-89ce-dd33a86eda78,closed,68ca4a72-1970-470e-bf66-5f1b5e2dd4cf,1087.2,yes
41377863-69e1-443f-8aa6-293532a646d8,,2026-08-11 15:27:05.931063819,38559786-9174-4237-839f-d63e808086c4,4b5eb147-38ad-4b8b-988e-c0d79729a8cc,,yes,,yes,e86b11eb-1bb7-488d-a60c-5b011786b2c1,closed,ac266596-7f18-4133-9299-1f1aca484267,7048.2,yes
901bb421-210f-4535-a005-f2814e18f516,,2026-08-30 18:29:47.831835387,2c19d444-ecaa-488b-877e-5d31f357c50d,a1feeed8-93a4-467d-b8fe-2079d34a4841,,yes,,yes,,closed,bb516304-8503-4839-8485-a0ebf488cff3,596.9,yes
729fa454-46de-4202-b0e4-05711cec752c,,2026-04-12 19:17:29.046146256,8b410abb-6264-463b-81fe-8305a57cb169,8184181f-8d43-4cd0-8033-8f7632782946,,yes,,yes,,closed,76ba3622-c4f7-4a2d-b5b6-4bb26f753bcb,5734.3,yes
9b52d58b-8297-4930-9320-42df9be0f2a1,,2026-07-26 00:04:45.721198647,0932ba39-28a4-41f0-beab-6f31afbc69d6,090f0036-c25f-4caa-851c-efc6e9abc21f,,yes,,yes,77fca186-aacc-4523-9589-a7633660d361,closed,e9474c5c-4453-42fa-a4d5-9ec3994ba011,16741.2,no
6eabef7c-f1cf-4f7d-86b0-d460f21e2c27,,2026-09-26 03:08:28.915070072,bedffb95-b21c-4de3-8e33-820b35082b3b,241ff24a-ed0f-43ba-86a6-378e0a5ae48f,,yes,,yes,ee8e3662-e204-45ba-9dc4-7d0ef970bd43,closed,dc20c1eb-98b7-4cce-8704-2b5c4759781a,164.5,yes
fae3cf38-3d8d-4797-b52e-84d52c640e64,,2026-09-13 03:41:50.474425684,d03e87f4-87f2-4f60-9483-b4568fb0167f,aafc484a-ebcc-45ed-a2ff-e6b0f08c7c28,,yes,,yes,,closed,67b5f9e9-2971-430e-af12-3f8f7e30b98a,83.4,yes
35fe74be-093a-4077-a796-1b05bacf82e3,,2026-09-22 07:33:03.292532299,0a4dab9a-3294-4daf-b491-17b834670852,178ac3fe-ad80-44bf-9840-55504905c778,,yes,,yes,,pending,,986.9,yes
f7a536ea-5342-41d9-86a7-43690301a108,,2026-09-20 10:58:33.992384052,34d07a63-e725-4651-84b4-7f08b976d948,b0d6d4f6-4aeb-4f06-a40c-ff90f62cfb87,,yes,,yes,,closed,064c1b2a-31eb-449f-ad4e-3693018ba232,7608.6,yes
eeded945-fd69-4bca-be1e-f3f3c4918cd7,,2026-07-19 01:42:07.449124625,bdd52a4e-9d79-4447-b2d9-89c718d600ca,a2d109af-39e3-4bfc-b4d5-9848a68de333,,yes,,yes,,closed,647d9a78-8ec2-451e-ac19-e10d5dfba27e,6467.0,yes
a3f04162-2656-4b59-9047-1c4f497fe89d,,2026-05-25 05:53:55.625133626,a560285a-a622-4dd9-9d65-077f710785f7,16009cc4-969a-457e-8566-d415798dc345,,yes,,yes,7a55c81c-733b-4224-adea-6e40647db13e,pending,,1121.8,yes
d44827a2-cc31-4589-8aea-75ef527fdc6d,,2026-09-20 04:18:58.336344169,cf9592e5-b8ef-407e-b96a-bc60710d0a2c,707a90c8-1225-44f9-84d1-34e1773e4c4d,,yes,,yes,,closed,b14c6e56-3593-4685-bb66-e2e440da3c6c,29673.3,yes
1aa2c9da-2bef-444b-b88b-f527297fb578,,2026-04-09 20:46:36.546904710,798c0780-ee3a-4b64-9f9a-a028cfbbc381,6eadb5a5-c11d-4e0c-9919-8af88267d025,,no,,yes,0718b9f4-11c8-40d3-8477-44fc79c91ba4,pending,,646.3,yes
b5aaa7c4-c5db-4486-aeae-67f6dfc198fc,,2026-09-14 14:39:05.764589771,ab46b111-6d6f-4332-a8f7-f11c2c8fb874,6850364f-b001-46db-bcc1-0e5159c3a83e,,yes,,yes,f2f804ed-c0b3-4207-8981-9f23e62f2e66,closed,2b4a40a2-7df0-43e4-9feb-c7ae77c1d3f5,15407.6,yes
58014428-4d99-4ca6-bbd9-b46849318c9e,,2026-08-16 18:07:40.509309805,c6ddb61f-33bc-4836-a67f-a595e91f85c4,8cf9a12f-db34-4f56-824e-bcffb87d3eed,,yes,,yes,55030246-0e49-4311-bca6-6da8bd36edc2,closed,2bacb957-f171-45fe-91c3-d8220d2da9f0,6257.3,yes
e341ecd3-90ba-411b-85c7-cefb3f705fe9,,2026-09-19 13:36:22.326727248,c0b98174-7544-4c4e-97f9-fcc225838a92,dcb5a1ef-be9e-4522-a891-1721cdc1cc03,,yes,,yes,5b2018f6-62d8-4554-923a-84614f42928d,closed,f7750ae1-645d-41ae-8fcf-5d93d5932494,883.7,yes
0aa81824-361c-4ed4-8ccf-2d942528e872,,2026-07-15 15:21:34.640035740,7828ceee-6200-4526-8704-682e0387a02a,efa95d53-3dd5-4147-b456-e6d9b3321c7a,,yes,,yes,5e64f669-f3f2-43ca-80dc-58d1141600b2,closed,a17685c3-423b-4c8b-80c5-d796e555a6ab,90.9,yes
2e821bf4-29c9-46e0-b7d0-f458583b2ba4,,2026-09-22 12:12:25.302344417,02464fb3-305c-4074-ab65-f3a8a08b3ca2,867a3621-0574-4191-8c95-350fe0711eca,,yes,,yes,68e6d394-8123-4105-b3af-4a4344f5f44d,pending,,27.8,yes
40454f38-c0f2-44a1-b91a-56a93e3e559c,,2026-07-08 12:42:42.302705773,9b8ad53f-c7a9-4665-9b7b-4928aeacc798,260c3b3f-d66e-471c-81c8-7830326530a5,,yes,,yes,c2239662-db33-4586-b612-1d6eba53930f,pending,,245.3,yes
cb740b22-ac24-4ca5-90d6-4d8178e6f6c5,,2026-09-20 08:24:46.000248797,3141b295-d952-492e-9764-6728d42f2ea9,b7f5807b-34f8-4d66-b3a7-07b2d8637b3e,,yes,,yes,,closed,a5c34dd0-b625-4ffc-b27c-e9683b4d638d,9929.4,yes
afffd4dd-4058-4018-b563-366628b2fa0f,,2026-08-05 07:10:55.299529445,68e43149-62ae-457f-83ea-28fd11ef79a7,f6bc38d4-844f-436b-8d1c-f24a655c1e13,,yes,,yes,ddb5d217-d316-4313-b464-385cdb1fd47a,pending,,112.1,yes
ede32bfd-9304-4472-975c-eede7d896407,,2026-06-10 10:27:55.597659392,21d1b422-1f4b-4d24-b009-ed93ce8d863b,27447f5f-e56f-4044-beb7-083774713312,,yes,,yes,3f8b00bc-9af4-43b0-9117-30d1b282de3f,closed,643393f9-7794-4345-8688-7399c6c0ed11,94.0,yes
2affdcf5-02df-4430-9d0a-f7457c91f209,,2026-09-14 12:46:14.108523188,e86fa449-6d3f-4ea7-a818-8483bfa18053,16679562-0e63-4a60-b8fd-fc45043667dd,,yes,,yes,10549b61-0bd6-48cd-81db-44c8d4bec7cd,closed,c307474c-53da-42e2-ab30-c1f652415a46,1194.2,yes
12fbb235-b082-44f6-a16d-4b34e050c209,,2026-08-01 12:34:25.225054764,8c4dc899-18e5-4030-af34-eac30237ad1d,2d5ab308-701f-4283-939c-bb9b7ff3c51d,,yes,,yes,5910b775-2cc1-413f-8db6-716e75554c9a,closed,b94bde8c-f553-44a9-867f-0a36e2061645,271.9,yes
857d791a-1e11-4d08-8635-a7ef79801aad,,2026-08-17 17:00:45.395287081,a18fd437-ed19-4569-b5db-55f56964ec91,efd95fa3-236b-47b8-a830-ca9b3d5a948b,,yes,,yes,324985e1-7b51-4d2a-a071-c3c7227b776b,pending,,6757.1,yes
bb7647bf-894b-4e3f-acbd-4c72dbf3d0e2,,2026-09-12 20:34:03.485894105,470e1e64-2544-4923-ba2e-f32c503dbd47,16568d2a-8393-41f4-bf85-028c109d5a44,,yes,,yes,,closed,faaf5825-7399-48ad-83c1-41b1a02e84cb,1230.1,no
22c7aa56-37ae-420c-a47c-18fdad8f5098,,2026-04-06 08:10:24.751412862,0d6c1ea0-79f2-4991-8cab-990600ce0eaa,39d0e7c2-ccaf-4fdd-998e-5b2de7519826,,yes,,yes,05a622a7-4d62-497e-aeae-86da00a9cb20,pending,,731.4,yes
682daf2f-86e6-422c-8e9f-370971310014,,2026-07-30 06:53:18.743481143,84580776-af69-463e-834c-ed6ba707bfcd,cf0e4ef0-67b2-4ae3-b919-ddcc8c1d766e,,yes,,yes,8b0d904a-af32-4ac0-8b74-dbfb6d1d1a4b,closed,c147e5c0-3ad5-420e-b473-40b1bbcb542b,942.7,yes
a28e8903-b881-4038-8b45-36d1882baf83,,2026-07-18 00:02:40.143993429,1d47813f-d261-4127-b3b8-95586eb01ec2,89a6c0a5-ca65-4d83-96c1-b19905856a55,,yes,,yes,,pending,,50.3,yes
7f437a49-3d13-42fd-8831-98448d3fbbb1,,2026-06-20 20:55:41.207534755,d8b2f6ab-e3c9-4dab-863f-8eca0cc489c0,67818fa5-59ac-408f-96c4-47ed04cc1c49,,yes,,yes,531e9597-5bf3-4a72-acee-8980629b154a,closed,81e78f9d-6f86-4b89-b5c9-39211ee43278,640.9,no
8f9ffaad-7e90-4d60-88b7-6695e7d1e749,,2026-04-02 13:35:19.152675966,9571e4eb-69be-4e8b-b163-f07405e8bd2a,c6fd4d0f-bd54-408c-975b-08529fa65bd4,,yes,,yes,,closed,42b521a2-08ea-40c9-8e96-a0098310c419,477.2,yes
9da494ca-8ac2-4102-9cb7-91cb3c331961,,2026-08-06 14:36:05.841933498,f778f42a-31ad-4075-b6a2-ab973f140193,09f8eeb4-0059-4ef5-b414-9c76509072ab,,yes,,yes,,closed,1f73fe75-ac91-4814-a70e-e761eee9f09d,71.2,no
b3fafea2-4113-4460-a775-d1c5bddc014f,,2026-07-11 16:56:46.365014658,7b49fa17-3a1c-46ac-8be5-c97adfdea8ee,599b4e11-4b5f-42d2-881c-5dce978ac766,,yes,,yes,,pending,,12900.1,yes
0de27676-b05f-45c8-b5bd-e6f2455016c7,,2026-05-19 21:06:59.224003998,5b80d5c4-4bad-4323-bb3e-a8005189babf,9bb394da-08e8-4386-a066-4e393e8da7b4,,no,,yes,a1498d1b-562a-40ed-84d5-085e31b3c376,closed,6a118716-645b-4ad2-bf97-0cb0d6246cb2,52.6,yes
d343f5e2-9b48-4e7e-89a9-94d2cbfc64db,,2026-04-07 09:27:55.736542748,c0514ecf-ab40-4af1-b1c5-ea8716be9cb2,3fa69dae-8bc3-43e3-94b4-ad53b9b1f3d1,,yes,,yes,461714b7-0f88-450f-b416-52016de9789e,closed,8083aea7-540d-4a91-ab2e-c8a3bd472547,1116.8,yes
6a8292d0-7e51-4036-9c6e-7d7fbbe4a230,,2026-08-03 01:20:46.787394372,c50818b7-be24-45b5-a673-f75b753c1c41,f497a1c8-724e-4f48-832a-ecb94ed325ea,,yes,,yes,d2a66661-e215-400a-849a-5d149d091af7,closed,cb157531-e3f6-40d2-aaf7-64845bfbedd7,784.2,yes
774eca46-b1b7-4ba9-afe8-473d8937a1d3,,2026-08-03 05:03:33.818675503,2a3d1ded-385c-4342-8b60-4821c2f2b0a3,4307bd2f-2bb4-460f-91d9-246296d07301,,yes,,yes,,closed,7b59afc3-ad70-4ae9-bf9f-63d3749cd2be,28754.7,yes
9a59b054-5e53-4307-8551-360268e42473,,2026-08-08 01:57:49.886207521,5e8f8f80-ca56-44ad-a136-b09d30c24ef2,fdf0cb8a-efae-4e78-a1f8-0a7c22eb92b8,,yes,,yes,629e283f-17b8-41ce-8c38-531a9affb6e7,closed,f9426968-b395-4c7a-bfc0-847d396117b2,43.6,yes
97cfdccc-446b-4538-a8de-5c6084e9042a,,2026-04-01 07:06:55.785548566,c866cc91-8a25-40e2-aec6-1ab78eb6b605,e9909775-c71b-4ef9-a8de-40cb8936afd4,,yes,,yes,4bb89167-94d8-418e-89cf-94649c65bc6c,closed,11821b6e-3762-4664-83ee-fa6464169588,572.6,yes
1bb0bda5-d83f-447a-8643-eaaa8766a4aa,,2026-08-20 18:19:49.566137566,42368db4-1f9c-446e-8466-6b4412041a99,0c2bcbc6-a628-4663-956b-c44769c62771,,yes,,yes,f00810ce-82b9-48b5-b877-f2205f9af0de,pending,,40.7,yes
fb689744-86a3-4151-b99f-f10605643b03,,2026-04-03 06:02:30.936226820,91a89d0a-4138-4650-b663-4811ee77feb0,4f76257f-d4e0-41ef-94cc-d512d0dc240a,,no,,yes,37812cbf-6fd9-4f13-9536-fecb0503d6f9,pending,,256.0,yes
329819f3-9239-4512-b74f-02ee1f1eb33c,,2026-07-18 21:42:43.087929303,c2e0d1c2-a86e-4f8b-8081-ef68b20b0326,ef7610df-3b5c-4ef0-8024-91110e050b48,,yes,,yes,80493ba7-d9c8-4f43-8047-c85070ab4e9e,pending,,34078.2,yes
e6a4db22-e590-4e95-944f-174bd1e98f93,,2026-05-03 01:24:03.786799488,ef68d536-3d05-4138-8bdb-13582bff90c5,0ca30cc1-6d4b-4bb1-877d-e42d7bf710f7,,yes,,yes,5f1799bc-2727-4ec9-a3be-3c24f2e2a83f,closed,384a7a5f-d5ce-427f-bce7-e0bd96854cd0,42700.1,no
70564257-6390-4534-9bd0-79c5c7cec8f4,,2026-04-14 15:36:37.065390916,4880728c-9fe5-42a9-8202-bda2491e7a3c,80791632-170b-47d8-aea9-2daecf39a257,,yes,,yes,,closed,e5018db9-7e17-4b72-a1e3-4196b3cdf736,48.8,yes
c7db43e4-e830-4d18-bf4d-6ee76ff59553,,2026-07-06 17:58:50.054613011,2b1fad91-d8a8-421b-bd17-770729bfc576,227ada82-d850-43a4-b5fa-2806cdd2059b,,yes,,yes,ccf4ac02-0b8a-485a-890f-7b431f9d968e,closed,115c9bcc-ed68-4be9-9081-5524c02b3647,112.4,yes
d031e131-d41f-444b-a7ca-97a8403f11ce,,2026-06-08 14:54:36.006520768,60bca4cd-4460-4148-bb8e-afaea8b232a8,ba17e994-285b-44f3-b3ba-4929bf8a7e7e,,yes,,yes,991543b5-a402-4bf2-a6d6-3a287a1e642e,closed,65296f03-faa9-4e72-83de-172f050d6121,3314.5,yes
0bdc9806-1067-4a18-a1ca-3dd2a6c37793,,2026-08-02 22:03:37.510570513,0d3e2158-71a8-42c0-a7b2-35de03643568,9f3e573b-c315-4a0f-bda8-758412667413,,yes,,yes,,pending,,28388.6,yes
00ac8b4b-c52b-4a16-afa2-3192166149cd,,2026-05-04 06:53:12.600663224,32262832-e425-4e3c-962d-d91efcda6b78,571a6918-8dbe-4e28-8819-52cd5b102187,,no,,yes,38e3ded6-6da8-4183-8dfa-9db1c35ccc2c,closed,a346b37d-316e-466c-8e7b-33573fab74db,15828.4,yes
2ad22fe7-5040-47dc-8887-29be9ae00157,,2026-08-13 07:52:54.249264225,50dfb8d7-46b8-49a3-acc0-f145df9d84d7,f2aa7d91-7a7b-45fc-bcdd-6e2e7eb836ff,,yes,,yes,ed522c40-5afa-4d0e-8033-304eabd2c617,closed,0aa80616-ce82-4ac4-9f37-a947d5b908ea,22.6,yes
c04dcfd0-c3ab-4e61-83f2-e3b02144b2ca,,2026-04-20 20:15:57.463740504,07a15e5d-b60e-4cf6-8839-2a07fbd43cb8,ebd032f2-4c00-4321-8fd6-9c51bdb45abf,,yes,,yes,cf962cf9-4978-46fc-b62e-84d39f30a078,closed,5b307cb8-431e-4541-b08e-90b55d96a6ad,84.0,yes
0d93f457-b72d-442d-9827-0264cdd86a7c,,2026-06-01 03:32:09.611914578,f3af60e3-d967-465f-8942-0977246d9151,5b93dda8-cbc8-4223-aba1-a68eeae8d837,,yes,,yes,d9cf7d67-887c-4a82-a531-afb693a3bd9c,closed,0d2baec5-3a41-4a57-b1a5-f56508ea081c,1327.4,yes
34ad4383-027e-4940-9c91-c5d61a9bbfdf,,2026-08-28 23:13:25.176957761,745aa54b-5417-429a-a039-5d51a989e668,ab5dd11b-196d-4e72-9201-b4ce1dead432,,yes,,yes,e63d35db-8a16-4bb5-932c-6ca49776b55d,pending,,36987.4,yes
4e1ec424-27a5-4d7c-8e9a-e4028de89b84,,2026-07-25 21:04:04.936621610,257aa297-69b5-49c8-91e1-a964f0f7b136,22abcff5-a009-4fd2-aedc-351ff8c5baf8,,yes,,yes,cacd268a-a8f5-46ad-a70f-7c91f7a3af17,closed,45f237ba-0c07-416d-9a7e-35f3e6cd6c13,104.0,yes
81fbd681-d43e-4266-8b93-0fae357b7df6,,2026-05-01 16:55:23.092633148,45e3c5bc-7f64-4a8f-bd17-814720719001,a0237a9f-2c36-4c62-86a2-66b2d12a514a,,yes,,yes,edad7532-2e2d-41e9-b260-19ea7a32eec4,closed,dbdbde47-31c3-4754-b508-c5ae2fd61a73,58.1,yes
b5e42916-6543-4101-b6d9-33b29bf8d133,,2026-07-22 02:32:22.145144482,2cd39b66-8178-4ee2-a07d-1e5de789b0f6,021bc135-cfa2-4bdd-8bb5-4db027fb2144,,no,,yes,6749c8ab-9c76-4000-8cd4-64e6031a8caa,closed,6471c49f-05cc-4f74-8653-222337fea420,20029.2,yes
0bfe4b8e-d9d8-447f-825e-c34daafd09da,,2026-07-26 21:38:02.622706902,d1db053e-aa65-4820-8f64-140d14b08e73,5e712a81-9642-492e-afc1-17c03729b06d,,yes,,yes,61be5729-7889-40db-89d5-a7917c653eda,closed,11be5fc4-4f3c-4bf8-85b6-7c7e680b97ee,31840.7,yes
8106d0fa-411e-499e-8baa-7de2e6331c0f,,2026-08-18 10:15:33.174512789,02d29fcf-d7a8-4c67-bc38-80d5215df545,ee762ce7-c7b8-4f15-96ef-cbaaf3f79929,,yes,,yes,,closed,2d703dc5-b8c6-4e7e-ac95-027d23e22b7e,353.1,yes
46a65e34-8f71-4fcf-a99a-de25e56e0a87,,2026-08-17 12:58:13.357663894,1cb3907b-994a-4b95-9aa6-1b0e2e1b69e4,0a2af992-2773-4976-b888-4162e568a465,,yes,,yes,22f94308-f91c-4bce-84c3-5173d68b9ad3,closed,11a2ffdb-cbcf-4aaa-ab1b-63bc0cf3e555,949.2,yes
e1b1bb8a-8642-4d55-a6b6-de29cfceb4b6,,2026-07-07 08:34:59.822315814,6afd8a71-0b8b-4c98-a9da-7ed4cf745a83,1c60ab1c-a3ac-439e-9b37-e542f0e62b29,,no,,yes,6e1b1ce0-ee42-4f53-90eb-500a96391f5b,closed,44c84a64-b2c2-4733-a07a-bb3d3e65783a,23660.9,no
4617cdbf-68d0-412c-bd31-a231660dbfa6,,2026-08-13 07:42:36.758064205,62c4d1df-17b7-4642-8ad7-89c0a59a0515,3b58c2ca-3267-49aa-9ef7-3862fdc686c1,,yes,,yes,276cfc45-4407-4cea-a756-bb323aeae455,closed,4656dad3-16c8-4236-90c3-826bd81c1517,463.2,yes
55dc2aaa-535f-4ff7-ba49-aead261f190d,,2026-07-15 01:30:53.744559559,07e2ad16-07f7-4015-8171-104b9fda86c7,feba25b0-baf5-4d54-9c2e-f3725f5975a7,,yes,,yes,dd735f0d-6dff-4a09-8bca-836db608d63e,closed,5054dd34-a9f2-450a-be79-0577435e2849,29587.0,yes
872a7f5a-ccf1-4514-b925-d5ab2742d0e6,,2026-08-09 04:12:51.632298581,f9986476-c65d-49b3-a5aa-e1bfe622ee16,ecffc043-a72e-4f06-8485-015259f664b4,,yes,,yes,00f0da6a-7127-4d9b-a867-0f91e6a12515,closed,f50690a4-6224-4d57-beed-57c22aa3e80f,353.1,yes
42a4c211-ed54-4a9b-b7d0-bc2e1862357c,,2026-05-11 07:54:10.186080558,51893580-cc18-4c5d-9f03-2c48e41cbfa0,ed998268-44b3-417c-a4ab-45af50af3e17,,yes,,yes,6cff49ce-1678-4498-91f9-75fef2e8eb72,closed,d66392e8-9e62-48a6-92a8-701f8a2bcc2b,82.1,yes
d929431c-3c48-4f48-80dd-7ab6d6ad0d17,,2026-08-20 17:18:10.569137632,db77ffe5-3638-40fb-ab21-fe877b1c6d97,b28bfe24-30e5-4ee2-a1cf-1cc7c5f08256,,yes,,yes,df438209-c3f1-468c-bd14-0830f6cd0b53,closed,0824c054-584c-4cb3-89c7-29f91e4093cf,3221.5,yes
0a5ff525-4e22-4e1f-a14b-7aff30e8ecf4,,2026-06-21 01:22:05.486810465,6bafa61c-261d-41af-b909-e4ffd71e929c,ff56b808-701e-4731-bf41-f25ea0e949ac,,no,,yes,,closed,35d1c4c5-408f-48b0-902c-2b2d0646a97f,8186.3,yes
90bd5eb0-108f-49de-9a0f-506fbb285236,,2026-08-27 08:07:44.409786652,dbed8eda-1c8f-4bf7-b1b1-c575488cb3c0,efef2eda-fbdf-422c-a220-45410ef3c43f,,yes,,yes,1047daf7-4a86-4338-85fc-49e0b38463cc,closed,6f1cc641-660a-425b-9dea-d09bc0ab9609,1359.8,yes
bffa0436-fdcc-4274-bc80-96200d1bea0f,,2026-05-06 12:23:45.641588310,381668b8-379f-4a71-b9f1-ebb14fbd3d68,b81f9ec8-da36-4204-9cb5-555ffe8b005b,,yes,,yes,,closed,36d29d35-3b69-4af0-9e6f-c6c162de127f,6501.3,yes
07d257f2-a72a-4e87-89a8-0392d0e09f87,,2026-06-12 23:48:51.926572284,86d71f9a-69a1-4bbd-8ec9-dcf139ae0743,302cc7c3-1305-4995-83d5-cdc0dc12242c,,no,,yes,fcd5a7ef-e5d3-4ad0-a5ee-33f2d025a98b,pending,,39.5,yes
e4b995ce-200b-4b89-8b40-7de56a790c0f,,2026-09-15 04:01:57.128037583,a6f6f091-af34-4500-817a-046d15887c11,8f23f00d-8e66-4e2c-ba9f-a68143c48f99,,yes,,yes,0147e211-e6c4-4cfb-8209-8216d3fcfc06,closed,fe719bc8-345e-4548-873d-23571622b6e1,2407.6,yes
27800d6d-e094-479c-b209-efb719e74406,,2026-04-27 05:21:12.809075104,7efa25fd-8fb2-4fb5-aef7-875f4c8ab7ef,92c36185-20e9-412d-9f00-9f944bd6b4f2,,yes,,yes,1d9b159e-8839-471c-af43-a80239dc9962,pending,,24310.0,yes
54e53cf5-01b3-45a8-9792-d320c8a7751a,,2026-07-05 10:34:00.067814879,73814f28-8498-422d-9a0a-010c321cfd04,37503614-c73b-4973-ad2e-880733701b48,,yes,,yes,84796c8d-3035-4d65-a6c2-d2fdaba86a50,closed,6b1eb0a2-4fbc-4de8-8462-39b5467361ed,387.1,yes
35517034-3d30-4690-9f99-8f1201cfd1ff,,2026-09-16 11:55:47.959733809,1e56f527-536d-489d-98f1-83bdf2f35f2e,7349c4b8-2146-4e69-af59-c726c545e971,,yes,,yes,916e2618-0506-4f60-bf7f-0320a136c71b,closed,52d3f8d9-634e-4f73-ad19-010da66a57be,788.0,yes
7141aedb-60d6-4456-8eb1-f8917e36fed0,,2026-09-24 10:53:38.755984394,924cb89c-2452-4aad-abfd-0b20ce90fe2c,5ec978a5-2088-4ccf-a1b7-62ce04cc3ef9,,yes,,yes,8bb78800-7dbe-4f88-85ab-a7d389b513b8,closed,28fc98d4-e167-4f3e-92e8-02ade4f7967d,7871.0,yes
88e84b58-87f9-4ba1-b805-f46dc6174bb7,,2026-07-06 20:54:48.925603398,e2a3358e-e5d4-47d2-88e5-d038a05950c5,86de4a86-6e1e-4ec9-96c7-8d949ae8a715,,no,,yes,19abd8a1-9fd5-4c3a-b0ab-d6fbdde4fcfe,closed,3aabf136-a6e0-4887-a256-d1b53ab7209c,1377.4,yes
f31e9d83-b0e1-42ff-9c79-537abd5b5cff,,2026-07-10 05:20:22.936342137,87f69650-5042-4201-ac9a-f7a50f430ccd,4eb7c1a5-794b-42fe-a6b5-f2cc932d130a,,yes,,yes,,closed,c85d4b70-82be-4fca-a8fb-08fba18c90c1,105.0,yes
840e81fd-36fd-499f-bbbc-efcb7ebc0b26,,2026-04-08 08:32:41.916566020,cb9d717a-9e2f-4129-a369-a64ba886ca89,31509e5e-9aaa-4b71-8bb5-082682bcc461,,yes,,yes,,pending,,2901.8,yes
a0496142-8a14-4d56-8eb2-5266b82c43b5,,2026-05-20 12:16:15.838649412,d22c266b-fcce-49ed-91f8-18a99b78fdf2,f9e6fd15-8809-4297-80cb-472ea569f653,,yes,,yes,f834e48c-cd30-48b8-a84a-83210a7f9da3,closed,a330d12a-618c-4b57-ba94-79d8eb3764b8,1328.3,no
be891dea-0a52-4d6a-99cf-2778a158079b,,2026-06-25 00:58:01.905964031,f1c8599f-d041-4bb9-a718-aba3f21ae49a,6dde9111-ec2c-4660-8310-b52f946c6a79,,yes,,yes,dff14399-185f-4693-be61-2f2800fb3f92,closed,aa727473-9270-46a8-9f22-418e3b06d17c,1261.2,yes
6b176370-9b5c-4ef0-9d0e-45869c288412,,2026-08-10 01:20:04.240332465,d53f4d69-6aed-49ff-a4fd-6b82d2e560db,38c9be92-780d-4787-920b-7f99201718eb,,yes,,yes,00b57754-3297-4162-87f4-93b6ba2c5703,closed,f020fcdf-784d-4fa9-87c1-f4bf4222291b,24.8,yes
2ac13d31-3807-441e-a337-20d5b822156b,,2026-04-09 17:53:55.914952974,3a01d199-a860-46e1-9fcf-294e49a30195,401fc915-7124-4fc2-b86a-71ac030d6ae8,,yes,,yes,b9d03db0-5228-4858-a406-1cd7fd26a259,closed,9b2ecc3c-91a5-4417-982f-1fd598d65e84,5284.3,yes
1e94cfab-d90f-46d9-84cb-06b8b207c5ae,,2026-09-25 08:17:16.516762288,fabf2de8-9e40-42a2-b6a4-368af74efad1,05e8af11-6cd3-4992-aa50-c33d8cd52a01,,no,,yes,,closed,2f0dd02f-e0ec-4aad-8dbf-36e34cff2530,35217.7,yes
63659e5a-f2c1-40d2-a7d1-b4d3c3023b9e,,2026-07-10 00:40:49.775033447,18ce386a-576d-4be4-9a8a-c210b5d7784e,b26e7d69-8ad9-4664-a156-c2c7571015b7,,yes,,yes,,pending,,2369.5,yes
78c689d6-4da1-4c5d-af58-74b9b44d0730,,2026-05-06 01:51:31.949202986,1ecf050e-e36c-48e3-bfa0-b158143a7e78,12680a34-f408-4b71-a9f3-8e289363f4b7,,yes,,yes,09d4e427-e55b-49c4-a8b6-64c372903141,closed,483d5dc6-6828-44f5-a80f-093af272eaf0,54.4,yes
406412f3-6b46-4dca-8d5a-ea393fe4509a,,2026-07-25 19:47:53.311927797,5fb018ed-21ea-4de6-9a28-7f3c0fafd96b,d7686e68-7f70-457d-98de-3461e91a084f,,no,,yes,48a02b94-8fc0-45b4-b78e-4cd385088da5,closed,aca00bff-210b-4197-8dae-f2ba0456578c,20.5,no
cd71c28b-0a2f-4183-a234-113107bbfe0c,,2026-09-03 08:00:25.878837626,23aea864-15d2-4e89-83ea-9e8dbba2d352,e12b3629-9f70-4f99-9041-16948f677c70,,yes,,yes,,closed,273e0ec6-840c-4f8a-a7ad-a27a0ee90be0,573.9,yes
dd720100-cf25-4a22-a94d-cda1cfc3527d,,2026-05-25 13:39:15.810657368,3c8ce235-f10b-4290-a047-048d6c89289a,b03da0f4-6705-4180-9155-18acd55a300a,,no,,yes,42fd3fa3-6bd4-4e50-8a03-53c9201fd530,closed,f8b371dd-1574-4dee-8e7a-1a8648d85699,1097.5,yes
cb404d98-d9a2-40aa-af5e-069499a65432,,2026-07-05 08:05:31.697908092,0accaf9d-0da4-4a55-9dba-23123fd19b80,77470dd8-c28d-4aa6-a2c3-de1260c075a2,,yes,,yes,,closed,de80f9b2-490f-48df-ba60-91ee6f61d034,19172.8,yes
8f348492-9573-461b-9a58-2351e72f21c3,,2026-07-23 03:26:50.232126321,a4ab2b34-bcee-4567-8da9-5d2be3da11f3,b5ad21d6-9a64-4713-b861-b8f6e9964fa9,,no,,yes,d3513457-a155-4237-870e-62f3f4755b63,pending,,1473.3,yes
2adff366-2c26-4367-8f06-2dd87bd547ad,,2026-04-08 06:55:17.537620388,7f8d84dd-3a88-4d56-b3ce-9f8a9ecde234,b0929138-887f-4caf-b883-9662b502fd7f,,yes,,yes,,closed,2bab82f8-a77f-4c38-801f-dfa249c4e22c,32581.4,yes
6dc9de55-84b9-4089-aa38-75ad66288b50,,2026-06-12 18:42:20.596479324,b678223c-b23a-487d-8c04-f10184e1ec8b,74f04887-1171-4734-a2c1-56aac3e7a56f,,yes,,yes,9f1b0a30-d7e1-4a97-87d3-501755113d68,pending,,112.0,yes
4d4e051e-89bc-4659-92cf-863a2d9fcf88,,2026-04-08 01:20:47.221461182,81b01d7e-7010-492e-b121-480af75805ca,92620dfb-8554-40d5-b9ab-5cf8c144fc18,,no,,yes,965cd1c4-adde-435c-bd5d-d5b6fbe5b887,pending,,41704.7,yes
6d8bdbc4-0a20-4924-bb90-897c5183111e,,2026-07-24 01:21:52.115968029,f3bb00be-3220-4a93-ae1b-23ed0489e00b,db25d1df-5393-4c71-9b3a-b36befd376fe,,yes,,yes,9206adb3-5f32-4284-aa0d-ed67147b6592,closed,4ab7676c-4d87-43f6-946f-f3384fb1d038,2988.5,yes
dafeaf85-2612-466b-a96d-2ff5ed2fc230,,2026-08-29 05:25:59.664047145,32180e7b-db8f-4144-b18f-0c8bbb992770,43953504-647d-47e4-9026-3f57d350de11,,yes,,yes,5d475fce-fc61-47ac-98f5-8d0f204d08e4,closed,a225f1f0-4db0-465f-9262-13516d1a28cc,4784.6,yes
2b735326-bd6a-4fe5-95bc-8d57d00ee5bb,,2026-05-30 02:31:36.761501102,1f309ff6-17ae-4f79-b3b1-53cff2e1a749,56ee211f-4e65-4026-9df9-2c0b8a5f8bb2,,yes,,yes,89e46e1e-f2fb-4421-8ad0-5d8740afb71d,closed,d1c3dbdf-3d1b-41ae-9e6b-bbadde0f1313,28441.1,no
8500b9a1-1ac1-4c0c-bb8b-af7c51622188,,2026-09-21 00:33:32.258297456,c60da383-c8d6-475d-a97d-2dd83d10cb0d,bf89bcee-bb12-4ae1-a7ca-86b517e7e51e,,yes,,yes,,pending,,1190.4,yes
13943f02-b867-40d3-9732-cb8e210da0e1,,2026-06-12 09:52:46.844088442,d797ab04-fc36-4318-8bf4-c96a9200bed7,fe857030-8b88-4821-8190-e1696317c910,,no,,yes,13111ef4-714e-4444-acdc-5bd657290d56,closed,c169d898-e0ea-4530-a85f-7f42699f35c8,1188.5,yes
7178849c-eee9-4487-8b90-9004b0d200a7,,2026-05-22 23:34:32.887910158,3e43e198-2a6c-41df-b613-9f96794a2d98,b488d3c0-433b-48c3-a794-85c598ea142d,,yes,,yes,,pending,,1329.6,yes
3a56ab8d-1a45-411f-962b-e2ac973dc145,,2026-06-11 12:59:31.821374746,9ce40b51-6917-414d-b492-d56b12643160,365a064a-f566-4e4e-a8d0-c2937e33b44c,,yes,,yes,3788aa4a-2d01-4962-80b0-9403f1b4776d,closed,b9488ff6-594c-4da0-925f-614c911a1dd1,74.7,yes
df02ccc4-7f8d-4680-9a83-cba1322ed58a,,2026-05-31 06:01:38.145059244,13e165ab-ce0c-47cc-bff2-9b18dd142389,854a8007-9c4b-4df4-8581-3db09e79c5ba,,yes,,yes,,pending,,2984.1,yes
85925cae-9591-4f4b-8eda-c0902b95edd9,,2026-06-13 07:12:00.324070634,cc6ba11d-aa49-4672-a71b-aac4237cdc58,dee2f36c-e404-4be0-aa71-a853c031c8a5,,yes,,yes,102b74f7-47bb-4a57-a1b4-523a4cd375ea,pending,,873.4,yes
e6e77003-5912-4056-9648-2db8e8d0dde4,,2026-04-30 05:40:12.691107252,0d63d9fa-f1cc-4639-a69a-72872f82289d,a70fa5c9-bc4b-44be-9311-25836e4b4b7c,,yes,,yes,bd118912-bf31-40e3-bb01-689a94156245,pending,,73.0,yes
b8657620-83c7-4837-83ac-dece53616106,,2026-04-19 05:31:21.300905262,af7a8b62-f67d-48e5-a33c-d107148d8531,5b942af4-4077-4619-9c5e-13d2b05ae2a9,,yes,,yes,1016c28c-60ec-4ccd-bcf8-9cf15790ac45,closed,503030c3-0466-4b70-8963-f2c7bf48b3a0,51.8,yes
