"entity_id","asset_name","asset_type","asset_class","criticality_tier","business_criticality","environment","business_unit","location","data_classification","owner","system_owner","monitoring_required","monitoring_status","monitoring_source","expected_alert_frequency","actual_alert_count","last_telemetry_timestamp","last_scan_timestamp","vulnerability_status"
"ce6647f3-b8ae-402e-9fd5-0f777045fe56","c5fa3b61-45df-40be-b70f-0c7c5d6e40d2","network_device","standard_it","low","low","development","IT Operations","EU DC","internal","a84db920-2ebb-4c58-b96c-d0776ff69e0d","c6fbe32c-026f-418f-a558-790794d8b1e2","no","yes","06404604-2dfb-4576-b014-5322666e88c5","23","7","2026-09-16 21:17:39.999781686","2026-08-07 20:17:09.717233885","vulnerable_patch_pending"
"ce6647f3-b8ae-402e-9fd5-0f777045fe56","0f269cfe-5232-4087-a6aa-baa1b8322215","workstation","legacy","medium","medium","dr","Executive","US East DC","confidential","42733c60-3fed-4573-a373-7327ee1e537e","b7d83a11-a487-476b-ac81-bde0dd50a2a4","no","yes","28a0221b-50b7-4fd0-bc31-88afff0a75fc","39","41","2026-09-27 02:21:57.497549846","2026-09-25 10:51:13.122369017","no_known_vulnerabilities"
"ce6647f3-b8ae-402e-9fd5-0f777045fe56","31da12ad-dfd0-42d5-b32a-40fe2821064f","workstation","standard_it","low","low","test","IT Operations","US East DC","internal","7a35716e-e89a-4e4a-a639-a89c8480a51c","3d4a5acb-26be-4b89-a776-2f449a64aaab","no","yes","08d7520f-9d1f-4bd7-a82c-ae9407cdb1f2","4","4","2026-09-16 20:35:03.024210427","2026-08-30 00:20:09.066105450","no_known_vulnerabilities"
"ce6647f3-b8ae-402e-9fd5-0f777045fe56","d61a6a33-2cb7-4076-8cf3-2c912ac20e94","workstation","standard_it","critical","critical","production","Executive","HQ - India","internal","d0a5b786-ca5a-4d71-9db8-ad53840a45d4","f4a98c22-f13d-460f-9c0f-5a03f359f469","yes","no","1adac44c-40ff-4124-a170-1443da1d6f5f","20","21","2026-09-27 07:10:02.069154225","2026-08-04 14:14:19.166733427","actively_exploited"
"ce6647f3-b8ae-402e-9fd5-0f777045fe56","e6f5010e-ef06-4517-b4c1-6d9f1fd65ec5","server","standard_it","medium","medium","production","Customer Support","HQ - India","internal","38a5b202-e70b-4b98-a218-44a9e3421112","992840d2-c3e9-42f9-ac7d-5c5100c9813d","no","no","a7026bd3-a481-42d2-8530-743f360448ee","9","9","2026-09-26 13:56:17.698680676","2026-08-01 06:42:36.301417731","no_known_vulnerabilities"
"ce6647f3-b8ae-402e-9fd5-0f777045fe56","079f102a-af85-4e1d-abc3-c3aa7623bf6d","workstation","standard_it","high","high","staging","Customer Support","HQ - India","internal","1820e678-ffa5-46bb-80c9-9537196fea19","dddb6203-25c0-40a7-9eef-4ae288eb34c7","yes","yes","b23edf15-7a63-4faa-8145-712b29ab3b9e","8","8","2026-09-19 04:02:39.237659129","2026-08-24 10:01:42.076536469","no_known_vulnerabilities"
"ce6647f3-b8ae-402e-9fd5-0f777045fe56","528dfe23-f21f-437b-a474-1a662b9b7c28","database","ot_ics","high","high","development","IT Operations","US East DC","restricted","63160f7d-c152-4485-ae14-99ec17aca7b0","110abc58-d286-46a2-beec-6839252457a0","yes","yes","4dd54b95-d5f7-475e-bd03-c53df4377b4d","9","8","2026-09-24 19:36:35.312805281","2026-08-17 11:42:36.423972838","vulnerable_patch_pending"
"ce6647f3-b8ae-402e-9fd5-0f777045fe56","7ce2be65-09ee-47ee-851d-b66db9cca2bf","server","crown_jewel","medium","medium","production","Legal","US West DC","restricted","1161a209-b97d-4ee0-b121-84dda8346d28","10aa1b35-d9dd-41a0-8c63-3fc596cf7221","no","yes","2732b56a-b4dd-4f08-bfbc-c3ecd3758c1a","39","35","2026-09-22 02:20:30.393013148","2026-08-08 04:12:48.017754166","patched"
"ce6647f3-b8ae-402e-9fd5-0f777045fe56","9733cd0c-d5ea-4fbe-9198-f7848154a283","cloud_instance","standard_it","high","high","staging","Finance","Cloud - AWS","confidential","81f189f1-71e2-41cf-9573-363be2086635","8a3065a4-b1a7-4530-bca6-ca94f8d5dbc6","yes","no","2e89218b-31f6-4f7a-9d78-f7481f186703","44","46","2026-09-19 17:22:16.640090245","2026-08-10 12:30:09.790310546","no_known_vulnerabilities"
"ce6647f3-b8ae-402e-9fd5-0f777045fe56","57862a42-77dc-44d1-8401-a2385b2b54ab","network_device","crown_jewel","low","low","production","Legal","EU DC","restricted","238e8582-c636-4097-884e-fe2232215e10","2c63390e-c769-453a-97ba-7f8f42fe6359","no","yes","c9494d18-703e-49e6-9740-3c39938b9d2c","32","30","2026-09-26 21:07:37.035397307","2026-09-25 04:58:04.626683407","no_known_vulnerabilities"
"ce6647f3-b8ae-402e-9fd5-0f777045fe56","3224a8e8-44f8-47dc-a1aa-f72bffd45625","cloud_instance","ot_ics","low","low","staging","Sales","HQ - India","restricted","98835242-7f61-4fca-a853-dc13e28912bb","5fa6c369-f76e-441f-a4e8-588e563210d9","yes","yes","29883e5f-5567-4c47-9847-6368af0d0eff","50","51","2026-09-26 11:45:30.469002116","2026-09-16 10:15:37.572077109","vulnerable_patch_pending"
"ce6647f3-b8ae-402e-9fd5-0f777045fe56","8427cc98-e0d2-4b1b-ae9c-2182c3b2d5af","network_device","standard_it","critical","critical","production","IT Operations","EU DC","internal","7b70ab09-bcbe-4228-abd6-4381f9c19b15","6c9e7004-83a9-44c4-9d7e-bd9d77eb8c4f","yes","yes","eb302da3-1afb-4335-80ff-6e97441803d2","35","13","2026-09-19 03:44:20.217542891","2026-08-01 21:23:04.288397508","no_known_vulnerabilities"
"ce6647f3-b8ae-402e-9fd5-0f777045fe56","bec8f702-a63b-42a0-9369-84fe9986f42a","workstation","standard_it","low","low","production","Sales","EU DC","internal","b3c9ad68-11dc-4e51-95c0-16eb2a4d3ab3","3b1ba182-73d2-4ce5-9802-0bf2ef5ceba4","no","yes","6961ecd9-1d2a-460f-b3bc-acac8ad3a1a0","16","16","2026-09-16 20:40:56.808450498","2026-08-28 08:13:32.653108821","patched"
"ce6647f3-b8ae-402e-9fd5-0f777045fe56","2465c2c8-3f6d-47ba-bb66-8629a419f2a4","workstation","legacy","low","low","dr","Sales","EU DC","confidential","5fc317dc-ccf3-4fd1-b8eb-6a73c1763d99","0cbde233-7d4b-4932-b453-6ffaff83d4a0","yes","no","e95a1ffe-036e-4cfc-ac4a-6446a0b3d888","9","9","2026-09-21 04:45:41.544813368","2026-09-25 17:39:39.715580644","patched"
"ce6647f3-b8ae-402e-9fd5-0f777045fe56","131f152b-84fe-47ca-8f72-1770d24ae48f","database","legacy","low","low","development","Engineering","US East DC","confidential","bbb2f788-b272-4167-96c0-d525de02595f","eac73c94-1ea8-462d-b744-5af3c4fcdc09","no","yes","863b9a28-06e3-4b1e-a571-0488520c9adb","37","34","2026-09-17 14:37:32.872749025","2026-08-02 10:23:50.457410695","vulnerable_patch_pending"
"ce6647f3-b8ae-402e-9fd5-0f777045fe56","ba60b89b-ba7e-477e-b9da-956f817d16a1","server","standard_it","medium","medium","development","Customer Support","HQ - India","internal","6958dbcb-4ab2-40fa-884f-bb12498252ba","435a009b-7733-4582-bf2d-1bbbc8f1d9c9","yes","yes","819379fd-0b91-477c-bba2-b577af96bb33","49","18","2026-09-24 19:49:17.800078569","2026-08-28 11:53:54.418903232","vulnerable_patch_pending"
"ce6647f3-b8ae-402e-9fd5-0f777045fe56","5dcc805c-a546-40ed-a352-6ad35763f12c","workstation","standard_it","low","low","production","Engineering","US East DC","internal","0772c26b-d293-42f4-9ad4-84cc6177cc8e","3a4b22df-4ba9-4911-9459-82929df7cfec","no","yes","d64be5f7-c5cf-43ba-9f31-4ca9b5668d70","16","17","2026-09-20 01:39:36.454342943","2026-09-15 03:46:27.163972192","patched"
"ce6647f3-b8ae-402e-9fd5-0f777045fe56","8d7591f8-5703-49cc-b45e-597ec6be37f7","workstation","legacy","low","low","staging","IT Operations","US East DC","confidential","af218720-8b2f-46c3-8413-1170262e168f","f9d0713f-ec8a-4341-9c94-63f295c9c391","no","no","1e8a19a0-e8b4-459a-b837-f49554a4327c","1","1","2026-09-22 20:02:00.536691577","2026-08-27 18:22:18.043432116","actively_exploited"
"ce6647f3-b8ae-402e-9fd5-0f777045fe56","c62715f2-ca48-42ad-9e88-e267cffc6c9a","cloud_instance","legacy","low","low","production","Executive","HQ - India","confidential","7da5c4f1-6898-40ba-99a0-4461c271a9d8","d74c65ba-82e5-4655-9ebc-4df9983f9802","no","yes","d2ca8ef9-7d33-47f3-b54d-d5a4245f2f36","26","23","2026-09-19 10:14:28.235456296","2026-09-15 15:50:18.635637869","actively_exploited"
"ce6647f3-b8ae-402e-9fd5-0f777045fe56","dcea40ee-7f55-4df2-a3b2-eeb0a15376f5","workstation","byod","low","low","production","Finance","HQ - India","confidential","5afd54a7-7f6f-441b-a409-c28963bcf066","1734ab33-c3be-4e87-a1db-824c90ba1136","no","no","89c18978-a816-473b-aab1-017f46037f4b","40","43","2026-09-25 18:06:06.271135090","2026-08-02 07:01:53.838747944","actively_exploited"
"ce6647f3-b8ae-402e-9fd5-0f777045fe56","c96ab6c8-d679-4cea-b9cd-d136374495c0","workstation","byod","medium","medium","production","Engineering","APAC DC","confidential","654819d8-b1cf-452e-a8e3-fa2cc573c1c2","65ecd949-8261-4540-9e05-f97504a46680","no","yes","8e81af7d-4c51-4a5b-8391-bdf740db17d4","43","73","2026-09-20 04:58:23.320596987","2026-08-21 15:07:04.790427358","actively_exploited"
"ce6647f3-b8ae-402e-9fd5-0f777045fe56","0a7166e6-e0d4-443c-8e90-365a84753487","cloud_instance","crown_jewel","medium","medium","staging","Finance","APAC DC","restricted","773a7d84-ae36-48db-8c3c-5348d7246cca","210bbfbf-47cc-4c8e-9fd0-2ea24178c280","no","yes","28f0a167-3540-4d11-a224-7f6c6523f42d","40","42","2026-09-17 01:42:35.974849461","2026-09-05 12:59:10.797884554","no_known_vulnerabilities"
"ce6647f3-b8ae-402e-9fd5-0f777045fe56","8ffe6dc9-8d24-45b4-8308-8aa1bb5c5df2","cloud_instance","standard_it","medium","medium","test","Finance","HQ - India","confidential","9eb12c4a-df2c-45a6-90ce-37bb2f71811a","0ea8b355-1d52-4cd4-a484-33c50f7d5d4e","yes","yes","cdbc4323-d1d1-4a40-86f7-aebd130cacc6","28","27","2026-09-18 16:45:59.040695593","2026-08-27 18:23:18.797269403","no_known_vulnerabilities"
"ce6647f3-b8ae-402e-9fd5-0f777045fe56","75863e03-ba92-45f8-9eef-220f04764554","server","shadow_it","low","low","test","HR","HQ - India","confidential","2087209a-8f95-4113-b100-c3c0b3cf6bbc","71f3286b-9739-4faa-aea1-dabf5cdb2711","no","yes","d4a700e7-53fd-4de6-80c0-e6f86c3958ef","38","36","2026-09-15 09:59:44.901266826","2026-09-24 00:58:35.368088687","no_known_vulnerabilities"
"ce6647f3-b8ae-402e-9fd5-0f777045fe56","e1dc1fea-23c4-475c-87b7-bc784bbbc90d","cloud_instance","standard_it","critical","critical","development","IT Operations","HQ - India","confidential","3784aca7-b729-4771-9953-b95844f3284b","8cb7d9f0-bfd5-4278-86d6-4cc549d57874","yes","yes","560bfd9f-19cc-47ee-a6f2-b5e739cd7b89","4","4","2026-09-19 16:29:45.942565153","2026-09-15 01:24:53.735924301","no_known_vulnerabilities"
"ce6647f3-b8ae-402e-9fd5-0f777045fe56","4af8494a-9c2c-4111-a0c0-64fbae2a6d40","workstation","standard_it","medium","medium","production","Finance","HQ - India","internal","2814c043-fc4e-4409-9e4b-38a133f75aa4","7a6f3b32-7e86-4d8f-8412-edbcaba8f4f8","yes","yes","192327af-ea88-4652-9011-bd8545e3cc4a","2","2","2026-09-20 21:45:35.044321786","2026-08-22 15:09:19.818361890","patched"
"ce6647f3-b8ae-402e-9fd5-0f777045fe56","81ae68bd-230e-42fd-952e-d935ba5272b0","server","legacy","high","high","production","Finance","Cloud - AWS","confidential","5459969a-f712-4c96-8b2b-d4903a3e872c","b75fd210-cdd1-4c2e-b0dd-70bd6a86609e","yes","yes","fb44cac4-f260-49c1-8802-1a2a464e3d33","29","31","2026-09-23 20:19:06.917015723","2026-09-13 06:43:34.016984852","no_known_vulnerabilities"
"ce6647f3-b8ae-402e-9fd5-0f777045fe56","9720d81e-0be1-4a06-9c46-d4093cd4d3dd","network_device","legacy","critical","critical","production","Executive","APAC DC","confidential","124ea07b-a289-427c-acad-3e9fb13955de","33ab2903-d7c7-4d80-9154-f328a9b0d752","yes","yes","8ae63ac7-e5d5-4366-8477-2cb240afc426","22","39","2026-09-15 04:23:57.147676973","2026-08-19 11:24:27.349332246","patched"
"ce6647f3-b8ae-402e-9fd5-0f777045fe56","5962d584-9c3f-4e9d-97b0-5035179b33fd","database","standard_it","high","high","production","Engineering","US East DC","confidential","a2cbe65f-43f9-46aa-9008-4c33fe21509b","b5c078bb-9691-44f8-ba36-1ea12768ef06","yes","yes","f10fd481-1e45-4698-b295-be56f52f6f59","3","3","2026-09-27 13:23:54.491975436","2026-09-13 23:58:48.156493322","no_known_vulnerabilities"
"ce6647f3-b8ae-402e-9fd5-0f777045fe56","17cc376e-2f96-40db-8f73-a97ca4db0e27","network_device","ot_ics","medium","medium","staging","Finance","Cloud - AWS","restricted","f906521c-1fed-456d-be4f-bc0d57abdeb4","09edf9f0-c3e6-47e6-b6af-e5da9e6230f3","no","yes","7ea32525-252f-4a8f-8508-a3cbcb376f51","5","5","2026-09-23 00:30:16.657695897","2026-08-13 04:20:49.321298360","patched"
"ce6647f3-b8ae-402e-9fd5-0f777045fe56","056054ae-4958-4619-a09d-e5bafdf5f13c","network_device","legacy","medium","medium","production","Sales","US East DC","confidential","7df84c26-e79d-4a98-bc11-0987ff2489b0","17c18667-eab5-43a3-a042-aae79de22451","yes","yes","b6c60b79-9d2d-4e10-95d9-637b0339faef","4","4","2026-09-16 21:22:56.500874101","2026-08-05 16:13:35.566619407","no_known_vulnerabilities"
"ce6647f3-b8ae-402e-9fd5-0f777045fe56","be6ba52e-2aba-4385-bbbc-24fb0d7e20f5","workstation","standard_it","medium","medium","staging","IT Operations","HQ - India","internal","46c5e256-1f12-480d-be98-9eed6bed5ef7","5c721e5c-379a-476d-af72-750dac88e12d","yes","yes","87302a9e-4fde-456e-a0a2-df1b766bf61c","27","29","2026-09-19 06:43:54.614472051","2026-09-10 17:13:05.180450029","vulnerable_patch_pending"
"ce6647f3-b8ae-402e-9fd5-0f777045fe56","6a048785-b61b-4b06-b7cf-a8fd9b951a55","network_device","crown_jewel","medium","medium","production","Finance","Cloud - AWS","restricted","5253211a-cec8-4603-9de4-0daaa0a57b57","644d5d6e-9627-44fe-8943-6c74fe00fd4f","yes","yes","ee1a535c-1a1c-41b2-83ce-bd2d9b81dae1","2","2","2026-09-25 10:06:47.713358346","2026-08-18 01:25:58.438514608","patched"
"ce6647f3-b8ae-402e-9fd5-0f777045fe56","914c5a1b-7dd1-40f6-95fe-42e116acde5e","cloud_instance","standard_it","high","high","test","Sales","US East DC","confidential","9134c85a-47bd-49b4-a9e7-23007a8b5df4","cdd3d320-aaec-4e6a-9c2f-f928ad765581","yes","yes","bcb3801c-fb8e-4561-9dc5-872eeab310cd","33","35","2026-09-19 01:16:06.659275695","2026-08-29 04:12:02.968912488","patched"
"ce6647f3-b8ae-402e-9fd5-0f777045fe56","baba5b1e-093c-40ff-9ea5-d6566080db5b","server","standard_it","high","high","production","Engineering","APAC DC","internal","60465748-357d-4cbe-92d4-dc8bddf3ac03","5aa5d1ae-1fd6-4369-a263-044e98d7fd26","yes","yes","fb69fa2f-01a8-4b49-8628-abc9d52587ea","40","41","2026-09-24 08:08:34.169210664","2026-09-15 03:11:00.194584034","vulnerable_patch_pending"
"ce6647f3-b8ae-402e-9fd5-0f777045fe56","86835a31-7096-4185-88ee-25648879b6c0","workstation","legacy","high","high","dr","Engineering","Cloud - AWS","confidential","94e90450-1e4a-4f73-aca0-3f23db35cf3e","7ad05bc0-4218-458c-8f54-3191763e441b","yes","yes","9154cf9e-a7f9-41f1-8371-0f0c6c62056a","32","33","2026-09-14 02:12:46.194560606","2026-08-11 14:14:17.151145054","no_known_vulnerabilities"
"ce6647f3-b8ae-402e-9fd5-0f777045fe56","6b46168f-050d-4e54-9647-24fdc2383477","iot_device","byod","critical","critical","production","Finance","HQ - India","internal","b4c51336-a557-4cc6-beed-c95cbace9847","a9572589-96e4-44d9-9057-247968bf5fdb","yes","yes","fca9e772-8d46-49de-945f-0c6a8de4c9d8","45","45","2026-09-23 22:29:29.184894641","2026-08-28 23:02:21.999789848","patched"
"ce6647f3-b8ae-402e-9fd5-0f777045fe56","1d4423c9-5aad-46e1-a2ca-6a5883d163e7","workstation","standard_it","medium","medium","production","Customer Support","Cloud - Azure","internal","d7d956b6-9954-41dd-8dae-c6e64f586326","c48ca4a3-777f-474c-9dd1-7e0173b49081","no","yes","1a8d461e-61dc-4026-89d3-c9e0d63a5ecc","19","19","2026-09-16 18:41:51.247957476","2026-09-02 05:06:35.889240299","patched"
"ce6647f3-b8ae-402e-9fd5-0f777045fe56","e80124cd-dc81-49f1-8d31-5c2092bdf465","cloud_instance","standard_it","high","high","production","Customer Support","HQ - India","confidential","e5dd26b9-62b2-4989-bf16-ca3a6d8285b1","37dfcd78-ad07-4bab-bae9-d72ea56df2ea","yes","no","29f9113f-5015-4564-b3de-b8af71555818","11","11","2026-09-26 23:41:30.478521295","2026-09-13 03:11:11.341823478","no_known_vulnerabilities"
"ce6647f3-b8ae-402e-9fd5-0f777045fe56","6ce84bee-fd6a-4c7c-abb8-627d65179903","workstation","legacy","critical","critical","development","Legal","US East DC","confidential","7c972d86-bc38-4c4b-b6ff-388c0296c441","0fd57d9a-9400-4227-8846-e19567d6adad","yes","yes","edeb5897-617f-4be4-9fca-4c046552d75f","34","31","2026-09-20 04:58:02.502912095","2026-09-04 13:10:29.591821761","no_known_vulnerabilities"
"ce6647f3-b8ae-402e-9fd5-0f777045fe56","f8bc015d-164b-4129-957a-1ef9f9a45bb2","workstation","standard_it","medium","medium","production","Sales","Cloud - AWS","internal","e99793ff-0970-49ef-845f-38d7b6f5c288","0121af35-0158-4e1a-9fa0-d0738a5b802e","yes","no","0c95adb5-1a09-4c58-8f58-dc64c44da7c2","36","40","2026-09-26 22:08:09.402786306","2026-09-21 16:38:15.783501160","no_known_vulnerabilities"
"ce6647f3-b8ae-402e-9fd5-0f777045fe56","5759e189-7b0b-4772-a9ba-39ce36e19501","database","standard_it","medium","medium","staging","IT Operations","HQ - India","confidential","643d6c81-ffe2-48a7-9825-77fd0d371609","880044b8-7a50-4e4a-8fda-a57ffd2aab5a","yes","yes","e30aab8e-b2a8-46a1-94da-3ae1f012dd29","36","8","2026-09-21 19:53:46.879380819","2026-09-22 03:47:29.981426342","patched"
"ce6647f3-b8ae-402e-9fd5-0f777045fe56","4f10a027-cbc0-469c-ae29-45d532f43690","network_device","standard_it","low","low","dr","Finance","HQ - India","internal","a6c4ccbe-b81c-4985-b3e5-e883466e6533","83580b5c-adb1-4ebe-a5d3-24fde51dc9c9","no","yes","0147926e-ae0e-465d-8f60-f25967097f6c","46","46","2026-09-24 21:38:26.709730535","2026-09-14 20:57:27.295388236","patched"
"ce6647f3-b8ae-402e-9fd5-0f777045fe56","9e4bda2c-d8cd-4289-ae68-1cebe5074f7c","workstation","standard_it","low","low","production","Finance","HQ - India","internal","91759a74-08f5-48e3-bcbb-20eef0f23c01","c2952909-b1f1-4924-8c97-fdd26de2526d","no","yes","b1941565-cc47-4168-9e40-4f7f5eb572e4","11","11","2026-09-21 00:37:31.474139321","2026-09-27 00:24:06.299300187","no_known_vulnerabilities"
"ce6647f3-b8ae-402e-9fd5-0f777045fe56","68a96b89-a257-4472-8400-c35ebb57c290","workstation","ot_ics","low","low","production","Customer Support","APAC DC","restricted","e179b1b2-c0d0-4fe9-9f8b-7f9b93e56e1c","c79807da-33b8-4d81-9880-2efc92514b0b","no","yes","2a3e5641-b01d-4481-817e-ca248fd6a8d0","33","30","2026-09-27 00:03:07.111128018","2026-08-31 20:22:13.120425866","vulnerable_patch_pending"
"ce6647f3-b8ae-402e-9fd5-0f777045fe56","cb474496-55cb-46a3-8c3d-e20ce57f9e65","network_device","standard_it","medium","medium","dr","Finance","HQ - India","internal","31a3330e-aae8-4fb4-9ef8-61dfbf07056d","eddec576-a7b3-4ef1-b02d-e7af865fb9ff","no","yes","4eabfe96-4675-48bf-9071-4a3782571668","31","33","2026-09-17 18:47:42.371348581","2026-08-03 00:32:01.659226656","actively_exploited"
"ce6647f3-b8ae-402e-9fd5-0f777045fe56","01aff60e-513e-4e96-a0ec-92a2ab385863","workstation","standard_it","medium","medium","development","Executive","Cloud - Azure","internal","f1b6bd9f-7578-40c9-bab8-618f654177a1","35e2cd2e-b44c-4957-a5d0-c4f14ff2ce6d","no","yes","235bb7e8-3e19-4a86-99bb-577e06f7c817","29","26","2026-09-21 03:42:38.132623672","2026-08-09 13:46:40.881147710","no_known_vulnerabilities"
"ce6647f3-b8ae-402e-9fd5-0f777045fe56","c0f09343-51c0-4f47-9f00-566ec56a77ac","workstation","standard_it","low","low","production","Engineering","Cloud - AWS","internal","a78aee07-78a4-414f-820d-64e2ff6dc246","d961442f-fea4-447b-82f7-9d002a0d47d3","yes","yes","8f421a75-502a-4ed0-8a75-dcbc1521f1c7","6","6","2026-09-17 02:21:08.425960257","2026-09-07 20:29:48.808058463","patched"
"ce6647f3-b8ae-402e-9fd5-0f777045fe56","31c77a43-8cd0-42cf-9c7d-61a59b55e3d5","network_device","standard_it","medium","medium","production","Legal","HQ - India","internal","e40d0329-cdb1-45a9-905d-238f4fe908f9","16c50f9f-2d31-4a38-95c7-4c383838814f","no","yes","013a55d2-8da3-4387-9352-dbe873759a8e","25","41","2026-09-25 07:32:58.694134223","2026-08-28 13:38:19.445338167","no_known_vulnerabilities"
"ce6647f3-b8ae-402e-9fd5-0f777045fe56","771320c8-0be3-4007-ba2a-c352c0e7888d","workstation","standard_it","high","high","development","Finance","Cloud - AWS","internal","baed3118-aaaf-4b0d-bf4f-378db2e1ebbb","683923fc-0994-4ecb-a05d-38ac657c19d5","yes","yes","4b8fe3c2-84fe-4e9d-a8e1-629ba0800e17","29","31","2026-09-17 11:53:47.088649242","2026-09-02 11:47:27.660165014","patched"
"ce6647f3-b8ae-402e-9fd5-0f777045fe56","2471d10b-5912-4695-9d8c-d9d8258fb03b","network_device","ot_ics","low","low","production","Engineering","HQ - India","restricted","0d47ff1d-abc8-47c2-95b6-d7567c6ae3e7","f5699305-3229-4f68-a511-22872cb8b1f9","no","yes","69190d2b-ec47-4fcc-9931-16d15f200cd8","48","52","2026-09-18 08:09:26.921453436","2026-08-11 19:49:07.979773205","no_known_vulnerabilities"
"ce6647f3-b8ae-402e-9fd5-0f777045fe56","36a35b4d-da15-48d9-b9f9-86053d6ac819","database","crown_jewel","low","low","development","Sales","US West DC","restricted","2c890954-98f1-46f5-a034-e50cff269c7c","6e446b72-b319-49d6-88cc-0117749cd0aa","no","yes","40ed5fe8-2b56-4487-9789-c2d31970e621","47","45","2026-09-14 20:23:25.384278446","2026-08-01 04:11:39.512406130","no_known_vulnerabilities"
"ce6647f3-b8ae-402e-9fd5-0f777045fe56","9f442453-7740-4b64-bc5a-32b4efac6a4f","workstation","legacy","medium","medium","production","Legal","US East DC","confidential","ae04a0dd-a468-4740-b796-047769871da2","1ea58a42-34d4-4061-96ae-80179418c30f","no","yes","b54e800f-59c9-4622-90f4-0987d373decc","33","36","2026-09-24 19:51:33.807278249","2026-09-05 01:06:21.512655918","no_known_vulnerabilities"
"ce6647f3-b8ae-402e-9fd5-0f777045fe56","eb3a9589-01a6-4c11-a1a0-36a74d1765b5","cloud_instance","legacy","medium","medium","production","Sales","HQ - India","confidential","0acb1488-b07a-48e6-923d-c323c6ffb40d","1b11b754-e439-4379-aac9-f61841782f97","yes","yes","9e8e2d60-385d-4aff-9b14-9a9b48fb60cd","6","6","2026-09-20 07:48:21.101011566","2026-09-08 18:39:53.986263137","patched"
"ce6647f3-b8ae-402e-9fd5-0f777045fe56","33d46279-334d-45b6-8326-f819b3581c2b","network_device","shadow_it","low","low","development","Finance","US East DC","confidential","2fa43a89-c2d8-4561-ad6c-4670d88ff441","7f42415c-5b8f-4e98-bb41-412383bb4046","no","no","b72f918d-572a-4c41-ad32-dc7948e411cc","16","17","2026-09-27 05:14:10.529195726","2026-09-09 23:27:19.247095067","no_known_vulnerabilities"
"ce6647f3-b8ae-402e-9fd5-0f777045fe56","3f7c7e2e-0b6b-4820-84e3-645d6003b4d3","workstation","standard_it","medium","medium","test","Engineering","HQ - India","internal","ec78de39-9969-4425-88a1-f70cee037237","547eeb38-e6da-4e0e-8bd0-9a72c6fc2805","no","yes","121be963-a192-4a17-b59a-c91d187ea63d","33","33","2026-09-16 05:21:25.275369157","2026-08-21 07:19:09.593754506","no_known_vulnerabilities"
"ce6647f3-b8ae-402e-9fd5-0f777045fe56","3cf50db9-24d2-449e-a1f9-8814e64403ab","network_device","legacy","medium","medium","dr","Finance","APAC DC","confidential","64a8a56e-cff8-42e6-a461-c6094ebc27b4","7c7e44dc-5b85-490b-9484-02fb99195564","no","yes","82b787bb-4334-481f-b438-bfe6a1914bc6","14","14","2026-09-18 12:13:13.381938768","2026-08-29 01:48:16.092894213","no_known_vulnerabilities"
"ce6647f3-b8ae-402e-9fd5-0f777045fe56","fdae3314-c77e-489f-bd13-009fd3d04474","cloud_instance","standard_it","high","high","test","Customer Support","HQ - India","confidential","b6a3c1a4-d124-495c-b8e4-d00cab4b3672","2bab35d9-048f-4db2-9802-021d399da1a6","yes","no","1f670fee-a01c-49c1-bc20-983dda5df988","41","42","2026-09-21 22:01:33.075864859","2026-09-20 05:24:43.495054423","no_known_vulnerabilities"
"ce6647f3-b8ae-402e-9fd5-0f777045fe56","a9be1a09-e8ed-44cc-9fea-402b72dc4eff","network_device","shadow_it","medium","medium","production","Customer Support","HQ - India","confidential","95f9c465-b002-482f-9a46-4ce422c04ee4","ac0792ed-058e-43fc-ae07-a08934081a08","no","yes","37dd0b66-4d31-44ce-b9cb-da6cd415661f","19","5","2026-09-22 00:36:18.554308454","2026-09-01 11:28:23.167306211","vulnerable_patch_pending"
"ce6647f3-b8ae-402e-9fd5-0f777045fe56","f262c373-f5ec-426f-b552-96f7527c500c","workstation","byod","medium","medium","production","Engineering","HQ - India","confidential","74502b8d-7f1b-4fe4-abb5-92593dda54ef","714ec82a-0379-4c80-a8ca-273ff1cc1db3","yes","no","f59828f0-8c12-4121-84de-2a6fd89c3a1b","34","35","2026-09-25 15:56:24.127732428","2026-09-08 02:47:19.528514597","patched"
"ce6647f3-b8ae-402e-9fd5-0f777045fe56","3cc8c935-182f-4308-b45d-8b17b83879ad","workstation","standard_it","low","low","production","Engineering","HQ - India","internal","fd1416b8-cc8d-4036-bfb7-1d04554f2e96","59c3c19f-fc31-4071-87bf-b34daef859fd","no","yes","57c25145-b2ab-4c2d-92b0-072f3bf620a5","17","16","2026-09-14 23:46:24.991612847","2026-08-04 23:56:43.262037530","no_known_vulnerabilities"
"ce6647f3-b8ae-402e-9fd5-0f777045fe56","7a787733-0819-4812-8874-de9af163d7d1","workstation","legacy","high","high","production","Legal","US East DC","confidential","047790df-658e-407d-835d-8444c4dc8403","edd78a47-413a-47cd-8fee-51569f4898c1","yes","no","3f0c49b8-d8ed-4e7a-be53-a1950e94bedd","10","9","2026-09-24 20:36:13.291453232","2026-09-06 16:35:09.174896583","no_known_vulnerabilities"
"ce6647f3-b8ae-402e-9fd5-0f777045fe56","e0da80da-06f3-4263-b364-f72a09add734","database","byod","critical","critical","production","Executive","US West DC","confidential","8a9400e4-813c-408c-bf4a-6ab4f4b24e9a","2d19a47e-8133-4348-9eca-59a45abd7bb9","yes","yes","4a88e83e-46ea-4072-8d7f-685416294ab2","27","26","2026-09-15 11:15:15.674503860","2026-09-14 15:22:31.381793816","no_known_vulnerabilities"
"ce6647f3-b8ae-402e-9fd5-0f777045fe56","5179c138-d7e5-4619-a221-976617b86a64","server","ot_ics","medium","medium","test","HR","US West DC","restricted","a655d2be-9b5b-4338-9355-ebd2e1b5bdbb","46167d80-04ac-4328-90b6-c53a6578782a","no","yes","b0f51142-6263-4857-ac1f-f424d191c33a","44","45","2026-09-26 19:52:21.168962076","2026-09-11 15:23:33.451232600","vulnerable_patch_pending"
"ce6647f3-b8ae-402e-9fd5-0f777045fe56","55672902-2396-4eaf-930b-61eb1c1037d3","server","shadow_it","low","low","development","HR","US West DC","confidential","01d5b638-0f93-490f-802e-6538a6dbc6d9","5c2bc449-42d1-45c0-8a44-df548a03a1f8","no","yes","cce88600-4f91-4fc6-8eda-ca13c002b5d4","37","38","2026-09-14 22:19:07.722512389","2026-08-10 02:51:07.148324001","patched"
"ce6647f3-b8ae-402e-9fd5-0f777045fe56","ec89b5b5-098d-47dd-a2aa-daba6dbdcc4b","network_device","standard_it","medium","medium","production","Executive","EU DC","internal","42a053d0-05b8-4516-bb23-501d28756beb","60b21a50-eab2-4cb0-88c5-379f973c33c3","no","yes","cfc3120c-0ebf-4c91-87f0-20d1cfcedb42","29","27","2026-09-24 20:46:08.194567812","2026-08-27 00:24:13.218270003","patched"
"ce6647f3-b8ae-402e-9fd5-0f777045fe56","b4c2fd88-669b-4a36-986a-477186cb5a19","cloud_instance","standard_it","low","low","production","IT Operations","US East DC","confidential","52f79e7e-7d4f-4034-8091-f579df8b813e","e2289b2d-a73e-49c3-9c1d-eac32a85c107","no","yes","105620cd-7fe0-4937-a399-adafbd5cddcb","49","53","2026-09-23 20:19:55.699869304","2026-09-13 10:20:08.645439168","actively_exploited"
"ce6647f3-b8ae-402e-9fd5-0f777045fe56","a26d7208-b8c6-4085-8e6f-c7a114492a18","workstation","shadow_it","medium","medium","staging","Sales","EU DC","confidential","e1eef554-cfbd-412c-825c-2ed107ba483b","3af73633-74df-4419-aa5b-ebb2e6aa88e5","yes","yes","a992a8f5-eed2-4bc6-a53b-ff16f343bf1f","34","35","2026-09-17 15:12:12.908576445","2026-09-04 22:06:16.594849681","actively_exploited"
"ce6647f3-b8ae-402e-9fd5-0f777045fe56","5b24ce2b-f60a-4a36-bdb3-ebd5cedf96e7","workstation","standard_it","medium","medium","production","Finance","Cloud - Azure","internal","2e4b374a-847c-4a50-8394-46049cbd1527","b0b6449c-e14c-4fdd-9cb0-7177e60b2363","yes","yes","1442dc53-b905-43ad-bb81-8f7850e84fb4","46","45","2026-09-14 16:04:44.725976892","2026-09-01 01:05:56.468211635","patched"
"ce6647f3-b8ae-402e-9fd5-0f777045fe56","75570041-74c5-4b76-9946-1c1c1b384880","cloud_instance","ot_ics","critical","critical","development","Engineering","HQ - India","restricted","25bfd329-7c03-4e58-98bf-a0e0fca981b7","bee5f012-3fba-4165-84b7-14aa662da060","yes","yes","2bcfcbec-2165-4715-a3db-7a6bf08c4931","4","4","2026-09-23 07:10:53.399195405","2026-08-19 22:24:55.327816413","no_known_vulnerabilities"
"ce6647f3-b8ae-402e-9fd5-0f777045fe56","50f7095b-f36a-4443-9491-06c91b24c122","server","standard_it","medium","medium","development","Executive","US West DC","internal","03b71e4f-8630-4423-b47a-9cd7dc93eb2e","b35d57b5-bbb0-4921-b566-fee80b9fce14","yes","yes","31bf09e7-4b0e-4886-9632-7475c80cabf7","4","4","2026-09-16 12:14:48.766670331","2026-08-06 07:56:42.353788131","no_known_vulnerabilities"
"ce6647f3-b8ae-402e-9fd5-0f777045fe56","7a870c20-5816-469a-a322-f6c826e23f3e","server","standard_it","critical","critical","production","IT Operations","US East DC","internal","34cee35a-633e-4293-954c-ccda74e2643c","86310343-d8cd-4d18-a1e8-e3dcee2cc635","yes","yes","cce9d060-a368-420c-abb3-63a3e2d75c41","5","5","2026-09-16 22:42:30.097262504","2026-08-04 03:44:43.649414051","no_known_vulnerabilities"
"ce6647f3-b8ae-402e-9fd5-0f777045fe56","e82f7fb9-5506-48f2-99ac-79369a1f731b","server","standard_it","high","high","production","Finance","HQ - India","internal","ecac88f3-eb15-4daa-91e7-bcde5bea4deb","93e04ae6-4cc9-4423-8972-008b420e8f39","yes","no","3c058320-577e-4865-9d32-280f7290913f","43","69","2026-09-15 21:32:10.111620695","2026-08-23 21:52:52.239167647","patched"
"ce6647f3-b8ae-402e-9fd5-0f777045fe56","f73f8f0f-cdc0-48bb-95b1-29f170af48bd","network_device","ot_ics","low","low","production","Executive","Cloud - AWS","restricted","0dca8cc8-d064-4a77-a9f7-a0ae39369fc9","cc9454e1-5350-4e67-be89-c9ed9988705c","yes","yes","cf32811f-7463-4b44-982d-f2e83cc25886","2","4","2026-09-23 22:16:37.193241412","2026-08-31 11:05:09.891446320","no_known_vulnerabilities"
"ce6647f3-b8ae-402e-9fd5-0f777045fe56","721777f4-0212-469d-9670-baf1028fdf0f","workstation","crown_jewel","high","high","development","Engineering","US East DC","restricted","fab01a97-0f4b-4377-8d7e-d8e97c4d0377","72adb626-0af5-4b87-b7ff-bf044c3aa8d6","yes","yes","8c451d8e-8b2b-4184-b253-521d615b6cbb","27","28","2026-09-16 14:37:51.266325339","2026-08-01 03:35:21.055322637","no_known_vulnerabilities"
"ce6647f3-b8ae-402e-9fd5-0f777045fe56","d375ed22-9e69-43f1-a078-19f2c8f7adba","server","standard_it","medium","medium","production","Engineering","Cloud - AWS","internal","1514040e-73cf-4dca-8bba-b9848f765007","9f3d2b89-98ef-4dc7-9036-5e2f25ad6fc9","yes","yes","4707a4c4-4e95-4bcc-8d75-b94d4f2830f8","34","34","2026-09-23 21:30:49.572702193","2026-08-13 22:39:26.887155426","no_known_vulnerabilities"
"ce6647f3-b8ae-402e-9fd5-0f777045fe56","5d365642-4431-47a8-aaf0-85fb8f7d93a0","workstation","crown_jewel","medium","medium","staging","HR","US East DC","restricted","e5adc2c9-33bf-4771-a504-eea8ea97621f","0ca1b5a1-89d1-42b5-bf6f-d37f9a8a5dd5","yes","yes","9eff8d06-04d6-4e6a-bf12-124f0cebd56f","50","49","2026-09-25 02:23:07.758239288","2026-09-04 17:57:08.022789535","no_known_vulnerabilities"
"ce6647f3-b8ae-402e-9fd5-0f777045fe56","93bac84a-4428-48f3-98f5-03e3e3d48595","workstation","standard_it","medium","medium","production","Engineering","HQ - India","internal","d9fb2653-e082-43d5-9ff3-fdc8e0301592","970a3fcd-08c0-4517-b703-a0d3e03eba3d","no","yes","df327063-ebc1-4e04-bcd5-e8a8c3bacec2","24","25","2026-09-24 12:32:28.444700637","2026-09-19 23:53:33.188856424","no_known_vulnerabilities"
"ce6647f3-b8ae-402e-9fd5-0f777045fe56","9e0cf44b-70c4-4c41-8e7c-926ce103f4da","server","legacy","low","low","staging","HR","EU DC","confidential","76b9ef44-fbee-4ae6-bb5d-5a6a4a664891","ff14ccab-cdf4-476b-89a1-6458a2ced9be","no","no","eb111014-c85a-4e97-baf3-46b75c1673b4","11","11","2026-09-17 22:19:17.951690404","2026-09-13 03:49:14.857973212","no_known_vulnerabilities"
"ce6647f3-b8ae-402e-9fd5-0f777045fe56","3240a668-c3c0-4db7-9b3f-4c29c15f306e","workstation","byod","medium","medium","dr","Engineering","Cloud - AWS","confidential","4c5890a0-ba20-4ddf-a0b5-89134756b132","b880e096-effa-41ff-bfb4-c4e43bf9dd0c","no","yes","89d327a4-e379-4fb4-ab77-0cc687e31da3","10","10","2026-09-25 21:26:30.714069645","2026-09-20 18:00:43.018115650","patched"
"ce6647f3-b8ae-402e-9fd5-0f777045fe56","306bf177-8b7e-4626-a2fd-369fe3e15270","workstation","standard_it","medium","medium","production","HR","HQ - India","internal","48775264-5145-42db-b812-6e0c81a794c1","eee835d5-71bc-4831-855a-3951b90a7f61","yes","yes","72be7c66-3697-416a-ad5c-adc44b1198cb","26","44","2026-09-21 02:02:15.661357147","2026-09-04 13:37:55.318090378","patched"
"ce6647f3-b8ae-402e-9fd5-0f777045fe56","cf5e98be-d874-47dc-b55c-36ac03cec0ab","server","standard_it","medium","medium","staging","Finance","HQ - India","internal","7107e5e5-e2c7-4f8f-906f-9f9a4dfe98d8","e4d91282-e2f7-41bd-b39c-83c68102822f","no","yes","f0e89f09-11d3-4c2b-a2c8-d32c89cefda9","31","31","2026-09-19 05:07:31.211908674","2026-09-01 07:30:33.406190002","no_known_vulnerabilities"
"ce6647f3-b8ae-402e-9fd5-0f777045fe56","3456dae6-1f43-4f67-b662-955868534385","network_device","standard_it","high","high","staging","IT Operations","HQ - India","internal","37818bb8-1377-472b-86db-62525fb677eb","0a83f21b-19a5-4ec8-8efa-735d9a9eef91","yes","yes","29e61357-dc3c-47bc-86b4-9b646cac9e2a","39","38","2026-09-27 04:13:59.161656566","2026-09-27 02:36:14.970134040","patched"
"ce6647f3-b8ae-402e-9fd5-0f777045fe56","37b4b85f-ad3c-4776-81ea-73877b18201e","iot_device","standard_it","high","high","development","Customer Support","EU DC","internal","9f850f72-19ca-4106-89dd-8c45ee42986b","a0712dea-f608-4074-b773-ee16e9188179","yes","no","617483f9-c191-48e4-aaff-71584d2d7a5a","16","15","2026-09-21 15:18:51.130035246","2026-08-15 00:27:33.847560388","no_known_vulnerabilities"
"ce6647f3-b8ae-402e-9fd5-0f777045fe56","3bc563d6-0f39-4f2a-8c01-b1021783123e","workstation","shadow_it","low","low","production","Engineering","EU DC","confidential","e0e11881-d988-4d08-baee-08b09175dae0","b06ebe78-a7fb-4a3e-ad47-b49572e1de9e","yes","yes","249a3953-2837-49fa-9744-5013308f0b0e","48","47","2026-09-19 13:53:02.289792477","2026-08-05 23:52:51.192098432","no_known_vulnerabilities"
"ce6647f3-b8ae-402e-9fd5-0f777045fe56","3336e5e4-75dc-406d-b095-5cf0a827d6d3","workstation","standard_it","medium","medium","production","Sales","HQ - India","internal","5d71a6fe-6501-4bee-af07-a680ed7c98b4","034a4fe9-d014-43f3-8b95-bb2731a7126e","no","yes","c6094d97-4ddb-480f-91d8-174ce0eadc5d","20","20","2026-09-14 02:05:21.408507154","2026-09-10 09:08:07.919320110","no_known_vulnerabilities"
"ce6647f3-b8ae-402e-9fd5-0f777045fe56","3ff78367-09c4-49d0-b076-fb8c42fafa40","server","ot_ics","low","low","production","Customer Support","US East DC","restricted","07a4c7ee-a458-4fc7-abf3-d2f765a80da6","9694715c-a84d-47c7-84e2-17253585efd1","no","yes","046eeaee-d288-452d-8142-9f0799289ae4","33","7","2026-09-22 03:50:00.588278","2026-08-31 14:16:38.807577094","vulnerable_patch_pending"
"ce6647f3-b8ae-402e-9fd5-0f777045fe56","a3377e47-8dd1-40f6-b059-67e7d59c8f9d","database","standard_it","high","high","test","IT Operations","HQ - India","confidential","d7abd9bb-bf70-42de-87ce-be33b97769c9","52c9e65e-d284-4442-9427-744fbca2665e","yes","yes","fb4b6061-550e-4056-b1e2-86fdf78153a3","21","22","2026-09-15 07:39:47.254297888","2026-07-31 20:02:46.402022923","vulnerable_patch_pending"
"ce6647f3-b8ae-402e-9fd5-0f777045fe56","3c9f4c40-6bb8-426c-93d8-9e432085796c","database","standard_it","high","high","production","HR","HQ - India","confidential","5bed2476-ebb2-4b4b-b66a-7f19e0312a2c","b6922271-3b22-44b2-81ce-0029b1b0e948","yes","yes","8daef62b-44bd-4b41-8e73-b8565bdef3ef","5","5","2026-09-26 00:52:59.273063330","2026-09-04 04:16:43.080962480","no_known_vulnerabilities"
"ce6647f3-b8ae-402e-9fd5-0f777045fe56","eac0257e-f880-4d4a-8812-794e2a7b7af2","workstation","ot_ics","high","high","test","IT Operations","HQ - India","restricted","c8bbcfc0-6149-44a1-88c5-0cf5ae389c2f","7ab184ac-56ca-428a-887c-3cc6e47f2e82","yes","yes","007dcf89-0174-42f2-8c86-448d15a2ebb7","12","13","2026-09-21 08:06:22.285665824","2026-08-04 10:02:50.662154940","no_known_vulnerabilities"
"ce6647f3-b8ae-402e-9fd5-0f777045fe56","1b1e7ac0-f0a2-48fe-9725-f8ca5458d325","cloud_instance","shadow_it","low","low","dr","Finance","US West DC","confidential","cbb4e485-3970-428b-9753-6a63d870f5c1","7c92eaf7-be08-4466-97ff-0115c4f66ffa","no","yes","f0481cc6-96bc-4167-8485-71e55a7a4d84","6","2","2026-09-27 01:01:02.111294812","2026-08-01 07:51:01.909863239","no_known_vulnerabilities"
"ce6647f3-b8ae-402e-9fd5-0f777045fe56","2b5a5d1e-8398-466b-83ba-7a8c17133ff4","workstation","standard_it","medium","medium","production","Executive","HQ - India","internal","fc9db1fe-a4dd-48c3-b3cd-1ac97613fe5b","2bd8e79f-d43d-44e6-a95b-f1087019a44d","yes","yes","60029c15-9be7-400c-bbb3-f211cfb0a281","34","37","2026-09-22 06:28:04.437320998","2026-09-23 04:13:24.674746482","no_known_vulnerabilities"
"ce6647f3-b8ae-402e-9fd5-0f777045fe56","76054064-dab5-4784-97a4-a5e805467c0c","cloud_instance","standard_it","medium","medium","production","Finance","US West DC","confidential","5b5bae31-3762-48f2-9a23-e9e2ccdb690b","f2afcde2-065c-40e9-a50c-963ba07f7426","yes","yes","b9566481-1b0f-4e8e-b012-f11b1a8555bc","13","14","2026-09-21 18:13:23.566481611","2026-08-30 09:35:19.473628634","vulnerable_patch_pending"
"ce6647f3-b8ae-402e-9fd5-0f777045fe56","09d02a75-eb00-4eca-bede-ef464e81c226","workstation","standard_it","low","low","test","IT Operations","US East DC","internal","5a238bb5-3a93-4f1e-9099-ed4001b23b6c","40ff5973-fb85-483b-afc2-9a882d56fe48","no","yes","f9a1ccee-b6a8-41dc-86b2-8406d78d1ab0","36","34","2026-09-16 12:21:03.439202315","2026-09-01 10:39:46.963246250","vulnerable_patch_pending"
"ce6647f3-b8ae-402e-9fd5-0f777045fe56","9dc580e8-c82d-450f-9064-801dfa963e1b","workstation","standard_it","low","low","production","Finance","HQ - India","internal","e2efafbd-61ff-4e86-8877-4ca1b4de7f42","21e594b9-9307-42df-8496-86da368f72f7","no","yes","47ebbff3-7376-4e5b-add7-d2c6a6c0208b","40","38","2026-09-26 18:08:54.554546030","2026-08-29 22:05:40.642767362","vulnerable_patch_pending"
"ce6647f3-b8ae-402e-9fd5-0f777045fe56","8f4d2b52-317e-4b3c-8dec-32f86720c273","cloud_instance","standard_it","critical","critical","staging","IT Operations","US East DC","confidential","dde756d1-51e7-4c2d-ac79-8fdd1ed5358c","fbcc78a2-a4a2-4691-9d45-40fc914b1c6c","yes","yes","b849b08b-00f4-45db-89df-0c5261585039","16","15","2026-09-23 23:55:26.464711090","2026-09-25 14:16:08.300310101","actively_exploited"
"ce6647f3-b8ae-402e-9fd5-0f777045fe56","2e3209ed-3a4f-4d65-a009-3212c7b4af91","network_device","standard_it","low","low","production","IT Operations","HQ - India","internal","aadb2537-a8c4-43a1-929c-9b873e01e975","79a99757-3e9d-4f24-b1db-4230e48ebef5","no","yes","7515ae4c-3eff-449d-b54e-f1a0b4db2a17","1","1","2026-09-20 04:57:52.425220358","2026-08-29 07:54:26.266992166","vulnerable_patch_pending"
"ce6647f3-b8ae-402e-9fd5-0f777045fe56","0d20f34c-b17a-459a-b4bf-5a60cb258e74","server","byod","high","high","production","Sales","US East DC","internal","949572fa-88d6-4931-a3ac-486d9143a2dc","67da7390-baa4-4feb-bad7-1bbcc9d85982","yes","yes","1df653d5-5d15-45ee-a572-b5f3e8948893","43","15","2026-09-25 11:04:51.046988676","2026-08-10 16:33:13.027296768","vulnerable_patch_pending"
"ce6647f3-b8ae-402e-9fd5-0f777045fe56","85ffba32-d89c-4df9-b950-6d01b8c1a5d3","server","shadow_it","medium","medium","test","Engineering","HQ - India","confidential","ca6044de-8245-48c6-a798-e44da979d214","4292175a-0aaa-4b4a-a713-340076f7617b","yes","yes","da8830c4-2aa0-4b57-bf41-a15ada7e78ee","26","28","2026-09-15 11:36:47.873635022","2026-08-20 19:09:23.491754365","vulnerable_patch_pending"
"ce6647f3-b8ae-402e-9fd5-0f777045fe56","13c8096f-db4e-439f-a634-2666aa69e1fa","cloud_instance","legacy","critical","critical","development","Customer Support","US West DC","confidential","61d30684-37f3-4b62-a0ff-392a936dbf9c","e5eb48ef-4a60-48c1-92c6-5efbcfecaf41","yes","yes","81379b92-3e13-446e-8174-44d4e266d29b","28","26","2026-09-17 22:34:07.094942539","2026-09-20 10:36:52.818120469","no_known_vulnerabilities"
"ce6647f3-b8ae-402e-9fd5-0f777045fe56","c5305b76-81a2-491f-8b65-ce1b553ad8e6","cloud_instance","byod","medium","medium","production","Customer Support","US West DC","confidential","c6236696-29d1-432c-87ff-c8d087f4c9ac","9e8342dd-c9d5-46af-8990-86a8422a10fd","no","yes","3b7b9736-5e85-4f43-bf03-4639f04b4791","35","35","2026-09-27 00:26:23.053189478","2026-09-07 23:40:18.276483457","vulnerable_patch_pending"
