investigation_id,ts,sequence_number,activity_type,activity_subtype,analyst_id,team_id,evidence_type,action_result,duration_minutes,previous_activity,next_activity
aba0a80a-457e-4e8e-a1ed-8477125a0576,2026-07-07 00:07:28.628950248,1,communication,stakeholder_update,06e957a1-9d2a-4d84-87c3-5ba9ffaef943,150ec312-75e7-4683-9a6d-6d108169475c,memory_dump,success,24.6,first,617e5d3a-3a2f-4165-bf70-e86b3a1ac609
8b1ad279-9339-4177-9de1-8c6ab34768bc,2026-09-07 11:51:41.836785652,2,interview,hr_interview,c6e82151-eeca-4bd7-b19b-58e943fa9dea,34a8448d-067e-43c4-aab0-5b805ebd7058,log_file,failed,17.7,4935e2d5-e10c-4e79-94a8-13aa7628c218,e851b082-878d-47c7-aec9-ab452597fd3a
08119028-c0be-4d07-94dc-24a7a5e9bd5b,2026-08-02 08:36:00.989968180,3,documentation,timeline_update,de881685-b2c7-491c-a49e-6dcaa72e5c40,f1e1752e-ff00-4bcf-ac81-cf97bb057821,memory_dump,success,65.4,c58b5ada-083a-4c94-8645-5c0e3fb001cd,598787f0-f733-4507-9538-bbf6b8f4c43f
4113b7fe-aee7-4ad2-81d6-5624608ad6da,2026-07-16 18:15:02.335620084,4,containment,host_isolation,e33ee2c6-1663-4e55-9175-a4b1481a36c7,1f4115f2-03b1-49fa-9301-cbc1f321df9a,network_capture,inconclusive,86.8,cca5f91f-9578-456c-a7d5-3a9fd5a30a92,7e395706-53a1-4a9a-87e7-86c5f5427d52
0cd896f7-4a34-47b7-9289-de66507e7827,2026-08-16 23:12:57.152940454,5,analysis,root_cause_analysis,2d5f8393-ee76-4933-beb4-63ca4506552f,ac0a5aa0-abd7-48eb-b1df-611957cb1428,screenshot,success,25.0,56e01572-d224-4ce1-82be-154ecfd3e8f9,fc2ad35e-9c8b-419d-aee9-7435b1c67b5f
639cafe8-b700-4712-8560-f57295ef1181,2026-09-23 02:06:23.431210724,6,containment,host_isolation,090d0cc8-c28b-417c-b16c-bd1e1535045e,e945cd0d-797d-485f-aec5-cb5e76c68f9a,screenshot,success,221.2,first,4d3378d1-739e-4b4b-9573-d29bff962e93
a579554a-e5a0-4da7-89af-9ab6e946f788,2026-09-17 14:39:15.805083643,7,communication,customer_notification,667fd683-fc63-41d4-bcbe-569fa89b1a47,0dd5708a-1b86-49d6-8192-bca180b6ac64,disk_image,failed,82.6,4955aa7b-a7d8-4fee-a9a5-dbdaed48612f,25e7f1de-764c-4a31-b74b-6a432ee151f6
ca4fabd3-4d1a-4f35-9694-19a9a77d255e,2026-08-06 02:10:38.977828686,8,evidence_collection,network_capture,65f77297-4f87-417b-a1a7-0e11c78e6794,828dde28-72ec-4219-86fb-055d7e12b88d,network_capture,partial,5.7,53433d98-db3f-45a4-bf3f-70adda5da1bb,dc7af17c-e10d-4d05-bfa4-83639343e5ce
b03ad40e-b1d3-4632-ad77-eec6e55a42b6,2026-08-05 20:41:30.010654299,9,containment,network_block,e6daf0b6-78fa-4adb-a31a-1011aa6f92c0,2507d308-5741-4482-9760-aeab354784f5,screenshot,inconclusive,6.5,9049c1c9-98d7-4315-9a38-65a1b390b35c,b14ccef9-7145-4300-bb9a-cbee32b164ee
3631f348-ae51-4bf2-842f-821b4dae3980,2026-08-28 11:11:10.429612507,10,communication,management_briefing,574f776d-faab-4231-b118-63b2d543bb59,06c63bf6-bb5d-44ab-bc3c-b918ac63f962,network_capture,partial,116.0,005a84ba-745a-44f6-ac27-02464de77d2e,49ec0649-84cc-4333-817c-e3020d6c7d30
6583bbb7-3cad-4988-b1d4-571a2f71a9cf,2026-07-26 04:55:58.125686333,11,evidence_collection,network_capture,17c18c74-9590-427d-865b-b0b1149aaa0e,93811672-28cb-4e66-8f8f-35106568a0e4,log_file,inconclusive,80.6,a67e537d-77a7-4ae3-943e-0733613a4523,4df535a8-aff8-46f5-8c31-4b850ecbf01b
ef8b418f-d06c-491c-8b59-f0b64063cc11,2026-09-22 10:07:23.025558228,12,communication,customer_notification,49d5a02d-1162-4c20-87e6-8d1cae3a274d,321a6dbd-e7f9-4e81-8778-b4b22e8c55a5,log_file,success,82.5,bec910b1-fbde-4082-ac7d-7a3399bfb532,end
aed0ec12-92c0-4de3-ba65-ed3f7c49fbf4,2026-07-14 14:46:46.099528232,13,documentation,timeline_update,8ccb8618-2902-40bf-bb14-23f12c4685c3,4490a4ad-8529-43d1-b56f-4ea395ddb171,memory_dump,success,63.5,dacfaca7-23c9-4b8b-b035-51f50a8d08a4,361983f2-8c59-48a4-ad4a-4938158bfb50
d2eb05c7-711f-4afc-bf49-df96fb70e1e1,2026-09-16 17:53:11.072654186,14,communication,customer_notification,384fdfb7-8f5e-44d0-ad0a-2a8a46abef0a,44d83017-8010-4db2-8532-8932dd87c62a,network_capture,success,49.6,8f71ff48-433f-4a52-8971-705b75c52aba,996564ac-ebc6-49ad-bc32-1d847cb85aae
75f2c419-9378-4eae-80c3-fe5af2d0518f,2026-09-08 16:27:58.634412210,15,analysis,ioc_correlation,00b492a6-59f4-4cfe-85f1-8a853a8a8638,47e71713-ea03-42b2-89d1-e64faa40432a,memory_dump,partial,36.3,166c44a1-7553-40e3-8118-74550f708058,e1a112ca-37fd-49a2-bc55-81760daa62f1
3e79e058-3754-428f-b9fa-858e6b3153c3,2026-07-01 13:11:50.268670523,16,evidence_collection,memory_capture,01456386-8585-4f61-8110-952294ec5d34,5fdb8e7a-c3b6-4deb-a181-158176237e3b,disk_image,partial,56.4,dc8bc3b1-71f1-46e5-af1a-6e6e35adb3cb,end
6180bc57-c99e-43b7-898c-d312e6a0018b,2026-07-03 17:48:19.947889437,17,containment,host_isolation,841e759b-2012-495e-86cf-f3df17e84227,db1efb1b-169c-4603-8553-e168f156bca4,screenshot,success,61.0,first,487c4b9f-40e6-4991-ba11-eae249b2e672
7fa8aff7-ab12-4196-9285-98068bed4789,2026-08-17 20:08:09.822199987,18,analysis,malware_analysis,c857f7e8-89ac-4852-821a-16657386ed71,f834b11e-0772-456a-9275-7550ec24a04a,disk_image,failed,56.0,5a2aad8b-313c-490a-8e72-bf1394f0a8d5,b2be3ce1-a1be-4ef8-872c-d62e8e76d3c4
7200f10c-3ee6-4c48-9711-fc16fb4b3698,2026-07-11 07:30:04.762215428,19,communication,management_briefing,0c6fd4d7-a111-48e8-b770-ce53d31055db,f8169dd8-257e-4a3b-ac7a-87c3b2c3805d,memory_dump,success,184.9,first,end
6e2421ce-6d62-4c12-ba4a-ed7a53740087,2026-07-30 23:24:52.200275721,20,analysis,timeline_reconstruction,886f2399-1411-4ecf-bbeb-a8d3c57dd2a9,488282bd-6889-432f-aa82-2971262546e6,none,partial,204.4,4f2c5673-8016-4e7b-b6c8-add9a812c9fe,3bd31514-2706-49e9-8909-ee5237da31dd
48377ab7-4f55-490d-ba8b-7ffb723572c0,2026-08-06 08:14:43.733773813,21,evidence_collection,disk_image,52d2692c-6da2-44ff-afe0-6d8874bf6e45,af43b246-afd3-4aff-9bbc-f388b5883858,network_capture,success,22.1,8b18dcf7-1d3f-4e88-95e6-be3fe482d153,c6851fd9-0a1b-4aea-9c19-ad34fe98ef9e
26188589-3ee8-44bf-bfcf-38f04856549d,2026-09-21 03:12:03.165129275,22,interview,stakeholder_interview,25fbd87a-5a7c-42ce-a0a2-2c5c3339a169,f901d82b-9d6f-47b3-b693-3b42cea94173,email,success,139.5,3bba7a2f-c5c8-4903-9f33-8074291c47f6,cd0182a1-8713-4a52-b6fe-63f0aa694d4f
102230c6-79a2-4e83-b0ad-8cc8c2b70749,2026-07-26 23:45:07.349820844,23,interview,hr_interview,707a8b3f-0574-4a31-8243-b7a5c44db524,47b65f12-d511-4f85-97fe-28070ddae46f,none,partial,223.3,7ebc1af4-5b6a-4568-b018-c0a9fa33dbfd,2e4de00b-b334-4c55-a819-f94146ca3268
b6d8fa08-f264-4355-82ca-81284aaea502,2026-08-11 04:32:26.101733711,24,containment,account_disable,9965dbbc-fd8a-455b-96f3-68cd8e9e88d8,81655417-68ce-4767-92f5-410a380a51da,screenshot,failed,69.9,63fe15b8-c0b3-497c-be64-839487bcead4,end
998c4f5e-67e3-4c15-820b-78510b2397b0,2026-07-21 12:21:49.695299050,25,analysis,root_cause_analysis,ea54a929-e231-49d7-a560-2b269a28bddd,73303481-a8a1-4fa3-81ca-1694386d2253,log_file,success,13.2,b1d4a6f4-d3dc-4211-82d1-c4d376059bcb,9ee5f635-746d-4cf3-8f39-e4296e1b43e4
e3ad6a0d-1eb4-44bd-95f1-f51381c3a200,2026-07-15 12:54:17.112597941,26,communication,management_briefing,58fb7151-f180-42bc-82c2-8fb6292c5bb7,2efd3b3c-615c-468c-8c59-81578f68fe53,network_capture,success,80.0,7efab04c-cf68-4be4-85ee-d3c26c418901,end
e6b8d721-0a62-4ee4-b06e-725e972d223c,2026-09-21 22:01:32.538796275,27,communication,management_briefing,2fc89f20-31ff-4533-95ea-e826c9233ab6,dd76a815-2011-4b0e-8bfd-a6a1f1e1259e,screenshot,success,67.7,20c8cf07-46f7-40e8-ae29-d8fbe348cc83,6296d3aa-665e-493f-95ad-f298df79ce6a
68baed75-5287-43f9-aedf-4f5860a910f5,2026-09-27 14:56:54.669784145,28,analysis,root_cause_analysis,017997f1-9e59-4f77-8f32-26208cb1333f,9c9f75f0-a6ce-48b7-b131-b1eb32dc7573,log_file,success,36.6,312bc4f7-db8b-4e92-8490-8abcc6a7131a,710c2b5f-a01d-46ba-a1dd-11f158bf4701
8bb79c10-95b8-46ce-b013-f112a367ead5,2026-08-07 00:44:04.541482757,29,evidence_collection,email_export,7e9e2bc6-4ecf-40f3-8ef3-41788faa5006,53b3a1eb-6847-4276-a0ce-76f4b0b216ce,memory_dump,success,48.5,first,ccb2bf13-b009-47b2-8beb-52efe6b42481
e3979a5f-958d-4cfa-8721-58d3cc91b03d,2026-09-20 11:37:27.081300227,30,evidence_collection,memory_capture,b441067e-cf84-4a10-9c44-bac6fde6a6c2,f2277afa-fd97-4ad3-b1a9-c50c749fd67a,network_capture,failed,175.1,24f504c3-d0eb-4879-a0f1-79fe088bd306,e28524b2-2b78-4a8a-87e2-7a3d138ad526
0d646a14-cf99-42e7-b61e-c75e6ab303c0,2026-08-02 08:49:50.927799168,31,analysis,malware_analysis,67127f4c-c9c0-4f69-ae74-590c75259bde,5be91503-b911-4614-a3b3-2256330c9e09,none,success,195.6,de3501f5-d21a-463c-929d-06c820f561da,0ce1fd15-5950-422d-81bf-af37f9e973a4
4b49a6cc-39c8-456d-9e30-5d02cb6554a5,2026-07-20 00:43:08.165863254,32,evidence_collection,disk_image,b7610337-d921-48ce-8756-201c9f924817,ee0592f4-b3fc-4a31-b2c4-2ba44a0bbda2,network_capture,partial,10.8,first,3b6c9c5b-4881-401d-ade5-8b3dcf632f91
405f0c61-bb3a-4149-ab26-1ea5be757098,2026-07-01 05:25:15.232860817,33,documentation,evidence_logging,2987421f-e9b9-4be9-b480-88a51a344026,d5195ac2-4835-44ba-b9fc-280d03583a11,email,success,60.2,e76bd67f-0e7b-449e-8a3b-ca61e9a67467,6b8ff64c-3f49-4313-9d92-ef6d2af457ba
324c0404-12c9-44ac-be4e-af2ebdfab580,2026-09-09 20:08:33.163823524,34,evidence_collection,log_review,33b22001-8403-4fdd-b6e0-895db59ca8d8,957d9896-3e54-4164-99d4-a0ca31d1228a,email,failed,7.6,first,36c47eb6-e942-45ac-93f4-07bd1ef0bb64
539ee4c5-61f5-48db-afb3-66b153c58b91,2026-08-06 16:16:20.292653258,35,communication,management_briefing,22b21225-d45d-46bb-99fa-96e4d90d4325,f72c515d-cbf3-410b-a93f-df4a6b234ae1,network_capture,success,78.8,first,end
921341df-0ff1-45f3-aaf8-071777db6194,2026-07-25 19:36:04.040153027,36,evidence_collection,memory_capture,8d192f3e-b137-4cbc-bdd3-0573827e25c7,2916398d-e46c-4d60-8559-25734f631c5a,none,failed,79.8,288b1c1a-0d5e-46ff-8dd3-c11509c50e49,7a04a366-b210-4a02-9e95-472796a49af2
3dc10a9f-d640-4262-aac1-e1c8abf85edd,2026-08-07 05:34:18.316343210,37,documentation,timeline_update,87736eed-c326-4331-9794-d070f0ed7e94,e895c9cf-f089-4475-a204-d72dfb1eedca,log_file,partial,22.3,first,9a405265-77f6-471d-8e04-b0e7a3bfdcfc
b7658af0-0c76-4094-bcc3-c5d2ca607d39,2026-08-06 22:50:00.072973784,38,containment,network_block,f40a9ba4-36c6-4b29-85c8-195ea4464705,cbb7467c-9c43-4899-a674-176ddfe328f2,none,success,36.6,first,46ed763a-0e0b-41f9-ba82-d1f4a6cc586f
df551c4b-08e0-4178-a885-0f6cc85809c5,2026-07-22 11:50:57.956100301,39,evidence_collection,log_review,abcc4b70-f118-429c-9a44-c8d9e2089ce3,6aa800a8-a66f-4fcc-9dad-f56ee0a7ddc5,log_file,failed,82.7,0c8983c8-b360-4818-a91f-bc7c823457c0,end
f2aa062c-ae33-4b12-9975-a3f8edd4191c,2026-08-03 12:50:21.134626107,40,communication,management_briefing,bec61016-d252-411e-8b67-a4ac858d54ae,0f6567fd-f12c-4fa1-b063-5371e72cee96,network_capture,partial,44.3,1f97edcd-6248-406e-8f89-1c610b2b68cd,1b864e2f-4f87-495a-b111-4e3b0b3109ad
dcce161f-04b2-406f-919c-685980827a5d,2026-07-17 16:54:45.685472197,41,interview,witness_interview,7a704707-2e87-42ae-b5de-6124c44e2ef0,417396e9-d8d8-4c24-874d-028e47d8ccec,none,partial,225.4,91405d47-a353-4d03-81eb-2b1ca9dc829b,end
e9c1ce76-cc9a-4167-b364-ec34c6b5ee15,2026-08-19 00:04:00.190154578,42,documentation,evidence_logging,17423296-7f29-484e-87e2-2526dd02de99,126b1358-61c8-4f4e-acd7-178b66389eda,disk_image,success,33.7,7be92e82-8b5a-4233-abb6-5c14433d0a88,a563b818-9f91-4d56-8358-0333542ffd4d
8df6b867-6a83-4c8a-905d-8113a796822f,2026-07-23 04:38:32.481727660,43,documentation,evidence_logging,9bcd50a3-d1cc-4db0-b7db-b141c926ec58,071e1c5e-7411-497c-8dd9-c7fbb6d5be05,none,success,15.7,first,cdc24899-d8a6-4fd9-ae3a-0cb7df802b2f
6963a121-32af-4d71-8b41-faf8303e127e,2026-08-26 08:51:50.785590785,44,interview,stakeholder_interview,24ccddac-83fe-4d69-b303-756ae6d3ea20,4fdd8f6e-4f4a-4209-b28d-6c5125a4c2c7,memory_dump,inconclusive,5.7,first,af1851d3-927e-45e7-ae09-156d253f2e4e
6405906a-2818-4c8f-bfc5-854b2e882561,2026-08-26 07:25:15.110809235,45,containment,host_isolation,7a93fe56-49b1-4034-94c8-306d33ca8900,938b99b5-143e-4295-a9e9-4dbd4f82181e,log_file,success,59.9,577a2841-219c-4392-a2fd-845ac5b63858,end
5289f56a-f2ec-4a72-ab9a-5b1d30abbe41,2026-08-27 12:35:06.064050113,46,analysis,malware_analysis,9e50be67-694d-4ae2-8b94-557cf2c738a1,a77cf8d2-5c66-4afb-b483-23ae9c989df8,network_capture,partial,87.9,first,c29efa56-35e8-4578-8ee6-92605e55b1b3
1e3914a7-2416-4074-8d5e-20bbd9d9d14d,2026-08-12 03:59:52.063760343,47,containment,network_block,c07e24ca-9a39-4360-9a10-6c48d9d8e667,38a88903-19f2-4b00-b39f-e5e5a4457f12,network_capture,success,149.2,cc257e52-e883-4769-9eff-4741ee5ff4aa,c5e316a7-b6e3-4995-b9da-ac5d4219c6de
92189c74-e0f2-492c-ad1a-ec99b3c75e54,2026-08-22 20:15:56.369378746,48,containment,account_disable,643d13b3-9406-4ccb-98bc-7cc0cda9a4ab,9761688d-44e8-4ee6-a68e-9927920475f3,network_capture,success,19.9,d1550feb-777e-4d5a-bba2-f2fac1fb093e,a0500241-2419-4bef-b500-69e5ddf1ddc2
16198048-ee56-414c-9a65-1b5ce31bc785,2026-08-26 14:25:06.316845669,49,containment,credential_reset,95ea809f-d411-4414-bdb3-4c28532bbf3b,5f994440-9e37-4361-8d4b-10e7bb58a583,log_file,success,21.1,b7e3cde9-d34a-44be-927c-a178fd8bf967,04df9528-4d87-4861-8568-ce8e12aad12a
ce290fca-cdc2-47fa-a590-e72298316b4d,2026-07-23 03:15:22.115583648,50,documentation,timeline_update,187d8204-fda9-428e-8218-a2180a31a5de,1cd67671-db0c-4c95-afe4-63ed906ca115,log_file,success,85.7,9542d0d6-7545-4061-b3ed-7e28a37fb7c8,end
cddb2adf-369f-43df-8902-f955fc3e98de,2026-07-05 07:32:09.356225983,51,containment,network_block,5522dc43-5a2b-4bf0-a128-3a68583f2e7e,8e0a3133-1205-40d6-9878-102da960444c,network_capture,success,73.8,5ecda045-6659-45c7-bb88-c5a7604b1bd3,58da3718-9eb6-4f7a-add9-a89178a19035
d316d561-6fe3-4d57-98ed-b0af602fa1a5,2026-07-06 04:35:18.478013346,52,interview,stakeholder_interview,7dbfba56-79e9-4049-857f-d94c284905f4,cbefa67a-24dd-4c44-9a9e-aaeb11724d2b,network_capture,partial,234.2,first,27e3a5ef-5dec-4ce2-a005-d5017395731d
c694a4e7-1f0b-4fb9-b525-6d7bf6f9bdff,2026-08-05 20:38:52.517103874,53,evidence_collection,log_review,ef47d749-8335-480f-9b5d-ed1a685aecaf,3ab1ae7b-171d-471e-9f22-1e8bbfdb7c75,network_capture,partial,193.6,3b9a3bee-c78c-43af-bad4-65e6d0161dfc,f06a5925-1805-4918-ac8e-4bf3a8e84561
cbc95c0f-ed0b-4e63-9a00-db8d7c6e3b7e,2026-07-28 05:20:47.456582724,54,evidence_collection,network_capture,f78e746c-85b4-4536-ac6f-091ce9dd4240,7952195d-6dff-48fc-be05-5f3e26032ab0,screenshot,success,145.8,18999fb7-d200-47f7-b935-25fb8ebc4c53,27e36acf-4ae6-42a3-938b-51bc8cbe815d
68f39d7f-979a-4157-8ab1-a331b1b02639,2026-08-25 23:13:43.963262347,55,documentation,timeline_update,bb3ccaa8-cac4-4ae4-afb0-b78dfd7cd311,8e92ff6a-795a-45a3-b399-e948048c0fd9,email,partial,27.3,dd07f4f9-f1e1-49db-910e-7093f3b95317,87634b1a-4cac-4b59-898d-42390eac6b39
77d59076-e093-4ec6-8e1f-dd09ea59a7b1,2026-07-06 11:40:59.469994943,56,containment,credential_reset,699444f2-a808-449d-9d2b-9f6b42f8b6d8,0794751e-28b9-4429-b269-29098120e66f,network_capture,success,9.4,1c237694-1b40-4a54-852e-c385c1686496,abbbfe9f-57fa-4088-a003-de4d8f3fcdee
5311dc13-edf7-4d8b-9925-9aa040bed62a,2026-07-27 09:17:26.284338969,57,evidence_collection,log_review,3ae189ed-b1ad-430c-9882-071d4fcf5b6f,b7b4ae40-e71b-4e2d-b047-050a09c791da,log_file,inconclusive,25.9,5a356772-013b-4780-8fe2-f091c90a5988,99a8edac-6344-46be-a546-4644dca72ee1
ad0bf011-9ee2-4819-b173-cefc3dd31fc2,2026-07-17 18:29:50.263228432,58,communication,customer_notification,644a926f-d7ee-4299-8191-5a47999f6102,c3263052-af0b-4f9d-9b5a-0c586e18d46a,screenshot,success,121.8,c4167411-b297-433d-b8a5-3d8f6ecba919,end
a98598d5-dc99-41d6-8a31-9c7c328f79d4,2026-07-15 10:58:31.494757657,59,documentation,report_drafting,f367e26c-2913-4a68-88ac-6931818f0018,c6792de2-39b2-4163-b41e-3cc62d8580b2,none,success,186.0,10b35baf-c2de-4418-bce4-00089ed091c8,end
cd2cc94e-db26-4fc2-a4c8-75dda7bb9894,2026-08-17 17:09:24.421808486,60,communication,customer_notification,84541a0a-3824-4684-a67f-8c4d38ac6d4d,ea3e4fe8-2e07-4b92-bfa9-774d764147de,network_capture,partial,272.7,first,2d968c49-f350-4dfb-97cf-323fe3dd9072
8e815a87-1379-47ba-a868-8590c72451f9,2026-07-13 12:29:13.891755653,61,evidence_collection,log_review,21e78d06-773a-450e-80af-9b4c899d193a,98987ee7-bb27-4e0f-8a7c-3a8504519e17,memory_dump,success,67.5,053f4fd5-1445-4206-9d12-2713dd2c0d25,a2a3f59d-ee49-4362-ac60-1b1ddc7ccb11
b6b6cc8c-4406-4a88-8d2e-ac79e16e0232,2026-07-06 00:34:32.406781796,62,containment,host_isolation,28ea99d9-15dc-4100-92ca-d7c51cbb8f7b,d5d3960a-0aab-4986-9a30-d33f8e22ee83,network_capture,inconclusive,444.9,a8003c2c-d38a-41e8-9026-4c4bfa52c14c,8244279d-cc16-492d-972b-5a85ff3f8b30
35b3c2f1-f86a-4925-a928-93861c861379,2026-07-08 07:32:42.633297568,63,communication,customer_notification,f69834e7-7016-4405-9f21-0700a47c7402,78f40e4b-8b6a-4e00-8a92-f4658e94010e,none,partial,21.3,0262341c-8f3f-497e-b9e6-5e2e8b1b8ba9,9c072416-e7d9-4ed9-882d-198c255acd22
f97244ae-43e3-43b3-878d-e297103eee73,2026-07-05 16:12:05.782599136,64,documentation,report_drafting,4fb528c1-8b1c-4fa0-8b21-5ba5be23d3d6,35b00284-4060-403d-aa06-ad0e62bf4b32,log_file,success,9.1,e0734157-62b5-491b-94e6-1fbda87798c2,2be4c52e-3f7a-4baa-acd4-43801ad063b9
002250a2-4168-47d0-9d1b-905d9b5e729d,2026-09-17 08:20:11.303640024,65,containment,host_isolation,3dc6a089-88dc-41dd-8b0a-cbb75f2b9441,def12aa0-aef1-43b0-8176-238e03977baa,log_file,success,78.8,9bcb266e-61dd-48f3-849b-026a07489383,end
0bb9a5bb-02ea-45db-bcd2-aa65c38d9dda,2026-09-13 19:39:41.902261647,66,analysis,ioc_correlation,fac2056b-759f-4187-8c2f-789f2defeca3,eb9e4fad-89d9-480a-922e-f40c6ac106e0,network_capture,success,88.7,98965a23-287e-4ddb-863e-6e423836be8a,end
3540a235-17fe-4ad8-9d9c-2f41131ad47c,2026-09-17 06:52:27.064909904,67,analysis,malware_analysis,e8645729-e118-4343-8928-48b106061893,c70ad7b9-309a-4934-9c2d-b572deed6f7b,network_capture,success,16.7,first,end
ba2b02a7-5f17-4503-ba07-cc0c6d901604,2026-09-01 19:38:03.243472841,68,communication,management_briefing,e480f3f2-170c-444a-8f1a-caa29de8bc5a,59241362-d919-4d7b-a643-92e19593d7f1,log_file,success,97.4,ec874819-4ba2-4d56-af5d-9d9e4e66174d,end
f34c74d5-cc50-4dc3-bee1-b4e26b1c3c38,2026-09-24 20:28:25.314081800,69,containment,host_isolation,cfd66f75-eb60-40f8-8604-34539826bd4c,aa73e0bb-e68b-4f36-8a27-b0786e9b7679,email,success,49.0,93326e51-5668-4c59-8f4c-8c645ecf6743,4231514f-f349-4034-a369-422e5ab34d1d
018cd6fa-b8e7-4098-a505-e62d6a8a35c0,2026-09-05 05:19:30.267236075,70,analysis,timeline_reconstruction,42dccc03-7fa6-476f-b9d0-175dd0af1853,0052b113-cd7f-453c-918f-adde5ceda709,email,partial,72.5,b96cd860-3f2a-49a0-aec3-afcacba839e3,end
261574b7-053e-41f5-ae10-9b7201e2762e,2026-09-22 18:16:57.893176566,71,interview,stakeholder_interview,4768dc93-8d44-4077-9d53-0da3dbbd0fe9,c280efb9-1b91-40d9-baec-7a7d0017dbb8,memory_dump,partial,23.7,f02447e3-da39-4167-b493-42b0e5c32e7a,9f1a17b8-6225-4b13-9279-da511836caf4
4ec5b781-22fa-4a4b-a448-0fbf3c51adde,2026-07-04 05:04:40.548065779,72,analysis,timeline_reconstruction,56f82d96-e6d0-4c8e-b12b-1aae7c89e97b,c944b143-777a-4f40-9bbe-d369bae3bb08,disk_image,partial,86.5,338d97d8-a2ff-4f04-85bc-dab33ada7ebb,304ee862-c7f6-4086-bfa7-bcae167e337a
4d553ee0-5a67-4507-8f84-b2acc1df54e1,2026-09-05 07:16:36.234083923,73,interview,hr_interview,7425df2a-ae98-4c23-b3b3-284747040d4b,d2043d43-2cb3-4a52-8b9e-7dcd69a539b3,disk_image,success,8.4,2697e0f8-70dc-47ff-901d-968196af7b16,6cbed5aa-1182-48e0-b5cb-b14e6dda6e0d
d780a2fd-7b17-41f5-9148-71317b4f6ad7,2026-08-23 04:50:52.516727453,74,evidence_collection,log_review,1379cd43-71c4-45a4-a803-6816bacdb589,2f37dd5e-e17c-424f-8e8f-42140cb43474,none,partial,89.5,first,8f888b2f-e002-4b4c-a325-df821f79a873
8f1a5d84-b04d-4204-8d48-d2be9d112a42,2026-08-25 23:18:55.833244112,75,interview,hr_interview,d4ca5fa9-eeaa-42e1-85ff-3cd7f176b4ec,8232e341-4b2e-4eef-adda-9c089ffe2a3c,none,success,74.2,87cf0b5e-575d-42d3-bf97-81be28ac355b,cb6e8faf-8ecd-4fad-bb81-1f11a3aaeb4b
024e37de-8112-467b-b103-e908f0ec8048,2026-07-15 12:16:36.660418155,76,containment,account_disable,50d18e42-b708-421a-a0ab-dabe700fed17,febfe29f-c38a-4221-bab6-5dd667ccedb1,email,success,129.4,first,377be770-4871-488a-ae9f-3d7fb5759aa2
c290c73d-7bff-4af7-aea5-40525626ae92,2026-08-04 22:11:09.243867024,77,containment,credential_reset,cdef8c89-7343-4893-a8ef-2f48705784fb,fcf35733-5e73-4f94-b99c-e3f55648ff0b,memory_dump,failed,10.7,0af3a1fe-31df-4d02-98d9-1f7ca3e076d0,74cd780b-34e3-4542-9d2d-197535dffb86
358eaf0b-1716-4a98-918f-a73b31a1c97e,2026-09-12 06:54:31.104394898,78,documentation,report_drafting,e251ce06-9df3-40c3-9ca4-fb1f44a941db,b3ca9c1e-83d3-46fd-ad17-49c98ee9addc,log_file,partial,23.1,f8dff95c-7a51-4f24-9660-0bf09c365607,76ead6cb-7c36-47f3-a91b-aa468bb6c6be
e1cf55cc-e535-4052-869a-b6d54879a287,2026-07-29 08:59:04.708040425,79,analysis,malware_analysis,017afb91-4228-47fa-92e1-b83481b86d25,c3377ac4-472b-4960-8050-09f9ad922bae,log_file,success,72.4,6232f593-7fe9-4f59-ae62-052fc708c69f,49888487-f08e-4015-99a0-5c5fcf07901b
843fca0a-c067-4464-9200-c7cc0b878d87,2026-09-02 13:54:28.566724328,80,communication,management_briefing,e39dd16c-1586-495c-8b37-4da478f02dec,63d5b0d6-e80b-4e02-ac07-0a9061668bd5,email,success,16.4,fba215c6-e1c5-4e1a-9a1c-7fd0c5ca2e1a,393374c1-99e4-46a4-ac66-cc898200ab17
e07062f4-c87c-47e4-9528-a66683556b12,2026-09-15 22:53:21.655480960,81,containment,host_isolation,8c0f291c-b56e-4edd-8c9a-0ca0b75dfc71,75dc33d3-5f74-4984-9a7b-30ed28375fe3,memory_dump,failed,299.3,a38335a5-314a-4c41-91c0-b22922598caf,6f7d570b-3e40-4a00-9fea-ad0a4c161098
c54cdea6-5d44-4f87-996f-ef4b800de120,2026-09-22 08:02:28.326396932,82,evidence_collection,log_review,b6921b2d-1b7a-49f1-bc74-46ab5a8d6f94,c0ba8bdc-8d71-4116-b60a-981314cde9eb,disk_image,success,80.5,c97d09c3-7226-4b53-b1bc-4756de4b0c9f,fe67710f-a37d-4472-ae41-e8ece43a02b7
b04fc4bc-68c3-4786-b3c4-ed4e7a9125a0,2026-08-03 19:52:38.912650676,83,containment,credential_reset,9b840500-1514-41ce-9e0a-584255de1f3c,aec802b0-4ec4-45aa-a6f9-5dfe695ba36b,memory_dump,success,7.6,d43370c4-449e-428c-96e7-77b8ce93630c,end
fa238261-7fc1-41e5-a729-c156a97963b8,2026-07-22 04:53:07.318171995,84,documentation,report_drafting,85a1232a-15a9-4bce-a060-81213b892b38,cb282f90-b4dc-42cb-8a21-d801bde21c76,log_file,success,59.8,7eec392d-a0a6-418f-80e7-7fa7ce691049,end
d48958a0-4fc0-4751-afb0-1d5a0bdd76d1,2026-08-20 17:58:38.167217767,85,containment,host_isolation,41697fcf-284e-4e2d-86f1-2a6d58915fd8,2ea38205-b1dd-4706-bb8a-5c1368521276,log_file,success,11.8,826fcabf-2c10-428b-bbaf-76af91e861ad,b4844548-2202-4513-942b-5951de5bc24d
e66d4468-6ae8-4912-a248-56bece576898,2026-08-24 15:09:11.730773747,86,containment,host_isolation,c5afd39b-4e96-413e-94a5-8a4201f0cd71,286c1069-3d32-420c-aa6d-7990db64cff6,network_capture,partial,123.5,2025f398-aab7-4ffd-906e-13e77aa1e1c3,end
09335c65-6a47-4dde-8cfb-ce5db9d15d6d,2026-07-03 05:09:10.222801062,87,analysis,ioc_correlation,8ddac86f-3134-46ac-b153-7c03e5b7fb2d,b4cd3dfa-8d43-4cec-b7ca-bc65389e9466,disk_image,partial,15.4,b1420dd4-e5ee-43eb-878c-ecd21a53c6b7,dc097db4-6bc9-47c7-b246-83cd72a73e3f
16314c0f-200a-4cdd-95e7-69add0e8bb76,2026-08-16 22:29:30.163490420,88,documentation,report_drafting,86b2c1ca-d9be-4907-8768-991dfa2cdc1a,43436093-bfce-42fa-902b-655a130eb1ca,screenshot,success,17.5,e443a80d-13bd-4c4e-a25e-32f4b4ab5079,d54008eb-8d43-4157-a91e-6dd96816af77
d0cfb525-acea-4af2-8c18-0d98e4de9b34,2026-07-18 22:42:33.605464529,89,analysis,root_cause_analysis,4a978251-a81f-4ebd-94c7-f498d092da4e,0f888733-d299-47bf-881e-4a39170bbba3,none,success,13.6,first,end
c0ded3d8-9556-4daa-87d8-23eac259fe48,2026-08-18 11:23:45.605268613,90,interview,hr_interview,62382549-03ad-42b6-9958-61a4d91ee922,9d1ae894-11f3-4abe-97cb-4215c39b9fdb,log_file,partial,12.7,43b1ee30-554b-47c6-bfb3-f2783340276d,094735e8-53a2-4704-bc2e-6a9320cb733b
c38a1372-8c20-43e5-8980-7c0d94084d00,2026-08-17 09:55:32.998129731,91,interview,witness_interview,a2a6f05c-ef78-4f55-a7b5-fbeb274349f3,2f0389af-3a1f-4089-a04c-53581054905b,memory_dump,success,40.5,58f36da7-3f80-4312-923a-efc2425d7946,end
646f4e40-bad7-400a-81e6-de89d0129369,2026-09-05 08:38:13.781301213,92,documentation,timeline_update,9c75c701-f1ff-4e8d-946a-75b34e213f50,f8b514f9-7f5f-4db6-82a6-4d8f8ab585ec,network_capture,inconclusive,65.8,c5a886a0-ea13-4697-a7cc-d6b8adae818d,6af264d8-74ff-47cf-a0ac-f644cdb4d67f
1972222f-8efb-465b-bde5-0a1129a492f9,2026-09-13 21:54:46.405580013,93,analysis,ioc_correlation,30586a10-e26c-45c2-bfc0-e3ccc7bca507,141b7188-c6f3-45db-ab09-9c6a23fae99e,none,success,7.5,b1014309-2198-4ba1-a1af-a2635cd30809,32de514d-3ac9-4f36-9291-2902d3fe2a9f
6687a362-1ef3-486a-a662-afc286aeb78d,2026-07-25 00:33:47.812854081,94,evidence_collection,network_capture,27a59362-923b-41ca-bbb6-4d4e6759bb6d,e3c56002-983f-4771-bbd8-e70cdd3a694c,memory_dump,partial,78.4,4f3f8c91-d31b-4a91-8ba8-8649b6fcc0b8,end
dc622e4e-7ac0-481e-ba19-191ba60c700a,2026-07-26 15:23:20.442288126,95,evidence_collection,log_review,b669b71c-0a1e-47d1-8616-127e876bf3d9,a03cead8-f723-4baa-8f9e-368e4dbf5c62,network_capture,partial,6.9,fa117a42-089e-444d-b0d6-cba79aee1383,end
68ea320b-0c32-4a7e-905a-c9dc3b416d10,2026-09-22 14:18:34.600733994,96,documentation,timeline_update,3e8b0812-dfc1-467e-a233-be8e5e2e405a,e81001f2-bc70-4715-9990-aa520f4390f8,none,success,68.3,faa8d2ae-8b65-4c03-9c91-43ebfdbb89e6,end
18edd2f9-5e51-4711-afbb-e59e00290287,2026-09-09 01:37:07.512507398,97,containment,account_disable,9b7d5907-ed1d-4bc9-937f-2b30ff70ac35,97bad303-815e-42c8-befa-7dfa5cd9dc79,memory_dump,success,13.8,first,c24d1349-141b-407b-990d-81fe2d1a6b41
20b72b2e-955c-453e-bf38-4c5518337dcc,2026-08-03 00:55:54.660288645,98,documentation,report_drafting,bbeb8046-9c5a-458e-a007-568c01f4423b,a97af22e-52fa-496d-bd4b-bf43420bdbf3,log_file,success,374.6,52fc5a30-9394-406d-b04f-44b9f2137abf,end
82423064-6ef6-4c84-8858-1efffa54540e,2026-07-11 20:21:42.094784523,99,evidence_collection,network_capture,41857341-3aff-4730-9097-595453505727,5a7a6f79-d0c3-4a89-92f9-feb3ff9f7d45,none,failed,209.2,78f46639-fa0c-4f62-aa70-53a63d6bfc97,end
a0ce31b5-ba61-4f58-a593-5c71eaf73a7a,2026-08-22 03:22:10.196034210,100,containment,host_isolation,80a90cf4-530d-447f-a397-4c582fcba45f,f70a14fe-7658-45ba-b14d-1ec503809711,disk_image,partial,142.0,6f9e16c3-dc39-443d-ae92-af488e4aea26,5d977fc5-6939-4397-816a-6f13df59b6f9
3590ceb2-bbf4-4059-ac9f-6c7fad2f4b2e,2026-07-08 08:20:07.068182709,101,analysis,root_cause_analysis,9a1a54fd-c9ee-430f-bf2e-875ce270013c,66e3bb99-39af-417e-8519-87bd73227792,network_capture,inconclusive,14.5,4de73c41-2f85-42bd-8e25-b102c2bcc89c,e6290e1c-6865-4c7f-a6e8-6a05286a71bf
9fa92276-684f-4183-af91-927129b06a76,2026-09-19 13:23:02.778908249,102,evidence_collection,disk_image,860ae9df-85c2-464c-bb6e-67915c337e47,9fc354b0-6071-460f-969c-e0b3fd6436df,none,success,82.1,c659d462-a91d-42d6-934e-285acd8db3fa,6b0f16f9-ef35-410f-a135-d05dbea53077
958a2ce9-bf01-4181-9ab9-699aaf04b857,2026-09-13 00:24:08.918821732,103,interview,hr_interview,a7cdfadc-5a10-45d9-83d2-1d9f53fe84b8,0ada0e61-b7fc-4198-a185-dcadb2dd1336,none,success,19.7,ea47276b-d751-48a7-a96a-5ed58f5ee0e0,0dede72b-5c3a-4607-b6c1-cbb51ca6f624
de837082-6e8c-48b9-b82b-843339993c84,2026-09-16 10:26:47.553373391,104,documentation,report_drafting,dd89c3ec-8af0-48ad-bde2-feb21433e149,4b3fbe35-2fe3-4b8f-9029-555529e9965a,none,partial,339.5,first,21138c91-3413-48b8-9562-72239c81b630
3eb884d1-7dcb-48f2-83f5-c7b3b59fd33c,2026-09-13 16:16:46.725654682,105,containment,network_block,497d0bbc-a7ea-4198-afde-dcffd357850a,a2ed50fc-9d67-4216-a7f8-366befbc59de,network_capture,partial,88.2,first,8b5cbbc4-952a-460f-801f-6b6bbd459da7
d87141cb-b1c2-4530-bb60-91c39cdd15d0,2026-07-12 05:47:27.367108093,106,analysis,ioc_correlation,4976d4f3-bc49-4220-b11e-c08abb13c627,85dd0833-933d-443a-8ec0-a05a194e69ce,memory_dump,success,5.2,4bbea7a3-44be-489f-9507-067dc87a3025,f505c205-38d4-4f83-b7f1-6eb33ae52133
721761ea-6dcc-4d6f-98c7-016782735d81,2026-09-07 08:45:29.198279826,107,communication,customer_notification,3579a727-9ef0-4cc5-824e-f849e359af5e,53c354bf-5415-41b7-9eb1-6290a65fb436,memory_dump,partial,24.0,3f35deca-06b6-411b-900a-5eafe2582d95,557fc148-6cb3-4128-b4be-f85f46444256
476f0bdf-9c08-44fb-980f-6005e517e81b,2026-08-30 08:15:29.145436863,108,documentation,timeline_update,9f5e4d45-5574-4e7e-bd84-607cbe742e15,1f008923-b67a-43c8-8caa-15895811f900,email,partial,81.8,first,end
80d2e365-2b41-4d62-a3e2-e6fef3868b00,2026-07-03 00:24:33.449924668,109,evidence_collection,network_capture,86a7e026-eae9-44ba-8690-139896acc5c1,563d9f4b-a190-4a0b-8b85-ee20d7ab8065,network_capture,success,88.9,0fe42472-cb03-431e-a206-b4c2e8fad0f6,701461c0-5d9b-4dcc-b1c9-f801ad1f8a24
f6284cd3-f68d-4ad2-8e3b-bd75ff712780,2026-08-24 22:14:10.350599298,110,documentation,report_drafting,8e1e28d4-5aeb-4d90-9b5c-7afb248608ba,c3060246-33a8-40c5-90eb-0b32dfde2736,email,success,89.2,7888d933-a8f2-4811-bbb6-7d55136c47be,end
9456d3a2-02d5-41bb-b23f-6188f9e7e492,2026-07-14 12:15:12.018682749,111,analysis,timeline_reconstruction,4c0b10ce-9809-4429-98da-145794459632,da6b75d0-278f-4a35-a7f7-c447368326d4,email,failed,87.3,e318f52f-1314-45cf-876e-1bb973007df0,end
5d011c03-9cd9-4395-b8f5-9edb96fa0d0b,2026-09-18 17:34:39.105893096,112,communication,customer_notification,17e0ced0-33cb-446d-af2f-3ae5d39b3711,4782051a-664f-468f-9872-746fcf463485,log_file,success,62.7,b59a3ae1-f518-4606-91b7-5d7eac930e8e,end
3e25c575-7454-4b56-ab0f-7bdb64eba04a,2026-08-19 13:23:34.309124236,113,evidence_collection,network_capture,cb6f1c1a-2eb5-4c7e-a0b5-f951968c9865,17149cd7-1912-49ac-adad-2cfdbc421bd2,screenshot,partial,7.0,first,137fad5d-de80-44fd-bb04-9abc64a702d3
6085dfca-2532-4c5a-8b32-63075e9e4a1d,2026-08-30 01:09:08.873716266,114,communication,stakeholder_update,3ac95843-341e-4289-8248-68088306ec6e,88fc75d0-e1c8-4497-aaad-775b5cb2a1f4,log_file,failed,197.7,526c44c9-1da1-4e6b-be20-040608add0c2,81092628-0117-4a32-bd92-82dd679dc892
98063ecd-dc69-422e-a4aa-adab8c6e51bb,2026-07-17 20:45:05.971600681,115,containment,network_block,3c2c8408-5ffc-49ed-98a0-484d821a4723,ad057011-baea-4baa-9d9b-bb796353ea90,screenshot,failed,21.9,8e50d1f4-3e40-4e4c-a691-fb2ad8f4f805,2ff52b59-62d0-4847-9d44-fb4296df5bd1
56eee6eb-da94-4c00-8034-0bb5677e9f94,2026-07-11 03:19:56.079169489,116,evidence_collection,network_capture,cbac8400-e05a-4bdc-9bed-f841301cf2eb,ffb9ae07-4286-4556-93fa-72d080a87728,screenshot,failed,199.1,10da2a6d-b973-436d-b777-b3c56f4bd441,end
a43b808a-08dc-4a20-89ad-7d831e9f2140,2026-09-17 21:17:57.211385828,117,analysis,timeline_reconstruction,22350761-1009-42a0-a288-b09d5c73844b,8eb80177-f1a1-47c1-bc3c-a0627bcbef48,disk_image,partial,83.2,e041e2ad-4471-4e59-9155-f3753a0a2313,e045a3df-a739-4322-bd38-c5be1c083447
83be3c00-34d2-4c65-9101-b9e900ea4c14,2026-08-23 04:57:21.156981076,118,evidence_collection,email_export,46004e73-232c-433e-b814-531bb14b83cb,5a7ce28d-3b06-48fd-b912-4b495eceb695,network_capture,success,39.8,4721fc0b-e3f0-4c0c-bd7c-8e072796c63d,0f8ba436-16b9-4a42-bfc1-150b7a9addba
4588d3d8-4424-4c28-be0f-94959c98467f,2026-08-22 21:41:14.919744421,119,analysis,ioc_correlation,12763819-6d69-4f23-99f7-bdcb92bd5766,f4f18b83-d0d0-47d7-8d2d-75ed179c3773,log_file,success,35.5,a63334f7-4552-4c42-8e57-dfdb833dff3a,a7e3b7c3-fa1d-4fe1-b8d5-81596d7f3230
2c6f8625-48a4-4a2a-956c-077879455b78,2026-08-15 23:34:57.753236484,120,analysis,malware_analysis,f9b2c774-15c4-4ba5-8cc3-a9ed9e2d38b5,2dca3c89-6563-4126-a24a-fa6ddec07929,none,success,86.7,first,ddddc673-277f-42db-b564-829b16605105
ace3a226-ee9d-450e-aa47-531d310dc7d8,2026-08-31 00:03:00.594765663,121,containment,host_isolation,8d4962ce-a192-4a9a-842f-180136d9c650,6a65b2d0-6c43-4698-af01-4b777f23128b,screenshot,success,5.9,first,end
dce42c98-07ad-40f5-aa04-71c3ae7131a9,2026-08-06 11:27:42.333381905,122,analysis,root_cause_analysis,866f4390-a11e-42e8-8c18-a1dfe7bc5f2b,82d0d9e6-a812-4983-b5c1-82fb55fa4aab,log_file,partial,29.4,1d4e93cc-7ba1-4777-b296-746672bf610c,e2e2380d-e228-46b7-8c03-ac57ec15ab22
c61ec571-ce09-4282-9ecb-4d95591b0e20,2026-09-13 05:36:34.615801341,123,documentation,evidence_logging,90c9b6e3-dac2-4f73-8998-adbfefc6a235,2d78bd74-9e5c-4866-8562-1dc2088de304,disk_image,inconclusive,80.7,af1e1de5-640c-4296-a9ae-0ceae0693a22,9cb718e3-8adb-4f3b-8a78-d2abb5ddc064
4d713b7d-9c84-495a-8c01-993ef73de56b,2026-09-08 00:41:00.622220355,124,analysis,malware_analysis,ae03f64f-89c5-4026-bb08-8eef16bf6587,67e687e2-e830-4206-a3ad-c60ad7c046eb,email,success,37.5,1a90f8d2-0724-4d08-a162-4eb6ca91d9f4,end
d5cb9c3c-cee2-451c-8fcd-d96122a4a7f0,2026-08-28 16:53:04.901893048,125,analysis,ioc_correlation,0317fd88-5ef7-436d-90f0-11a7b61408e8,890ae83b-8e06-481b-a846-4b8c76541302,memory_dump,success,67.0,0ed3a068-44ad-47de-82c9-291cf83913d2,end
e8500b57-c326-4163-b821-0bfc44a34dbe,2026-08-02 20:46:49.109252370,126,evidence_collection,log_review,5b2f8dc7-9704-4b14-9bcc-561bc4a34c8b,10b13a86-0f0a-40a5-9856-b95fb5efed9f,network_capture,success,95.0,3858cfe4-5eb8-478b-9cca-964aea92e847,96a432bf-ba52-4ff9-ab37-1205f9b191f8
3d445dc2-234d-4dc3-9236-da969d31a0b7,2026-07-06 05:54:04.968521571,127,analysis,malware_analysis,bfedfe3d-e0f6-4088-97e3-11ac0bdd8ec2,ad1aaa9d-27a7-4814-9c29-9decb9647a99,log_file,failed,85.6,8f029a16-41d8-4ee3-8520-1d7f1e7caa2b,665dba40-f89c-4d08-8205-fbcb0d701202
89f70a9e-f9e2-4ad7-bfc0-7c83bc8b7e02,2026-08-03 00:34:49.275799884,128,documentation,timeline_update,07d214b7-5473-4d9a-b74f-44b5223ff3a5,93b9cbb7-5273-4a8d-b606-416d7411af8f,memory_dump,inconclusive,28.2,first,end
9e7bc932-b717-4415-95de-8e507c576eee,2026-09-23 00:16:41.536930359,129,documentation,evidence_logging,b0ec0bd9-b9d1-4f1c-895d-97bcad196b37,0dc24f65-664c-458d-92bb-479f59cdaa43,network_capture,partial,17.4,first,528dd935-06f8-4320-b32d-538f05999d9e
78b093be-c219-4b95-b6e4-0c63250b3c08,2026-07-26 10:46:05.439281392,130,containment,network_block,e6e25f95-8aeb-45e7-9ea4-a48d4b7d3fc5,d7f68df0-4af0-4388-ab21-c9e104e8969d,log_file,failed,7.0,first,8879dda0-0ce8-46e8-b08a-9d70c23e3630
974f78cb-411a-4e93-9788-a6fbd666526a,2026-08-30 07:27:51.229257943,131,analysis,root_cause_analysis,6672745f-bd89-40d5-bf09-f286432ac679,a9676f86-54b0-48b4-8f07-2b4eeb8ca261,email,partial,5.9,65929df2-d1ca-4f7a-baf5-d8e1ce792254,d089be86-565e-49f9-8066-2ca89f25a5d8
db860ff6-ac55-4e68-84f0-bba94839664b,2026-09-18 08:12:24.553171590,132,containment,account_disable,dc0e4c35-762d-4a25-a250-5f142fd94962,12f06346-2e4c-4b31-add0-bd6756b58cbf,disk_image,success,205.7,2630462d-ef97-4c6b-9283-726ae054f9ca,5bd053e0-b183-43db-b6f3-9dad8d487ce5
5942ebc7-be37-41bb-bb16-f459bf89a1c9,2026-08-17 10:22:19.926483214,133,documentation,report_drafting,d7417796-16d2-4d55-adac-0c5c0f62451d,ad841554-2df6-406a-acbb-9f3540d3f153,log_file,success,89.1,c6b91fdb-60bf-4cfa-8ab9-6dcadbc7742e,9df6f288-6faa-44b6-992d-845519655d4b
b118fbdb-2177-4bd6-adeb-31e08a35f93a,2026-07-23 06:03:47.613170727,134,communication,stakeholder_update,c6c615aa-8bae-49bf-a9c6-91d105086e86,98358a56-04b6-4240-9fb2-665a392af10b,none,failed,17.6,first,end
19f722a1-acae-4571-8621-cbf6f793ec25,2026-09-21 01:27:28.362970241,135,evidence_collection,log_review,0c11876b-cdda-48f4-9990-52304325d90c,d8733953-2660-43aa-8366-3c65029a4994,log_file,success,17.8,462c3a26-5647-440c-90ec-29c1da9d6f63,end
4b2281c9-96cc-4a7e-be41-144983762def,2026-08-01 02:10:18.048901504,136,evidence_collection,disk_image,5b22f71e-f744-4e57-b391-b7e6d667b3ff,d6767e2b-3033-4f24-bfff-c16bef574158,log_file,inconclusive,231.0,4aa613ab-23b4-4df4-9957-14ce4b9a89c7,f801e122-4bd1-48b6-82b3-45e9fe4946c6
ac2dfd9b-a494-41f5-a6d7-fddd6ef968be,2026-07-26 10:29:46.938654346,137,analysis,malware_analysis,864384bb-8742-4308-84e2-d061d9f207df,6e232af8-6109-431b-b7b4-8637c4ef12d9,log_file,failed,110.0,0c811160-763a-445b-86fb-2c6f13bebb14,8b3fe2c3-133b-496f-b5f7-2bd3a57d0dd0
bd62be01-1a76-40fb-9ff4-355c0964928f,2026-08-11 03:26:49.009346133,138,evidence_collection,network_capture,29737009-bb18-49b3-af9a-9e406604eaa6,3b7df46d-b134-404e-88e8-54f15baafea3,log_file,partial,22.0,first,82765981-61a1-4325-baff-5451eb9fb67b
ccbbbc32-82ca-4baa-9438-fd3d0fe1cec4,2026-07-15 15:08:22.847183717,139,evidence_collection,email_export,7b66ac50-b0f5-4b4a-a8b2-329d308c3ecb,dd256d73-bee4-4631-ac43-a2af19a68903,email,success,31.3,09c94933-df42-49f1-b425-436733755aaf,3d862e1b-4b9c-4fd3-8705-7d8991b5af1e
9ddf45f9-df0f-4127-9115-aa60cd4e793f,2026-09-04 18:04:39.695861202,140,documentation,report_drafting,a9a446b1-72b6-4455-a7d2-0461d7d4d566,999264da-578f-4c99-8dc0-3bf1de0d93ab,memory_dump,success,25.8,4d03f8a2-9b39-4779-a894-9f6dced6df18,07b4e396-566b-4553-8bb4-45607b84971a
68a7b51f-bc58-45bf-9525-3cdc9d457c7c,2026-08-31 03:18:45.005917082,141,communication,customer_notification,373f9d3d-54d4-4341-86d8-be5721d43a9d,ccbaa1e7-e518-4908-b9b0-e897e08426a5,log_file,success,17.2,c659b272-22aa-4730-8003-daa283fee9f5,cc9d3876-48ac-4ec2-88a9-e41c6d007b41
5c9bfde2-a239-4af5-9527-8783a12a7595,2026-08-10 02:05:06.050585132,142,containment,network_block,dcea40df-8ed7-4387-9776-60ac0273a879,da9e1612-162c-44c4-8e1c-e881e156846d,none,success,49.8,25c5f1c4-358c-4788-a20e-410b3c5fe072,64e576bf-b9e1-4507-8c84-0be2089d2691
5ec57f2b-0015-41e3-aea5-665f7cd7c51e,2026-07-29 09:00:35.092984420,143,containment,account_disable,10548387-2a0d-4e97-9d1b-2ab08ce7500b,de7d9127-f8bf-4073-9a27-fcfd1a51ae48,log_file,success,10.6,ac0b6621-77df-488d-82f8-686e787f4c39,64fcb83f-bff1-471c-acbf-7816676bbbbe
3114de14-e9a8-4a67-9c20-d39e7e3291e1,2026-08-20 20:38:15.044160705,144,documentation,report_drafting,0bfc9430-32d6-4c8c-b58a-541987c185d4,21112a3e-1b7e-45a5-a1d7-5db9e9c4dcb0,log_file,partial,60.7,b2b929be-4771-4674-917e-7d9eb8dcca22,07836343-76d0-4948-8431-6fdb35b71885
ed0e78d6-c24d-4223-a15f-e91a200176ba,2026-07-08 06:55:13.495447974,145,analysis,root_cause_analysis,3d0fd4ee-f96c-4305-afb4-8d62dc8f8596,548235a1-88d9-4df1-8d60-5c17e13e9877,email,success,25.6,first,380dc623-e56c-4218-876c-ba739e5eaa27
d0b7cdab-e325-4656-a326-910f60d31a72,2026-08-13 00:37:03.737374633,146,containment,account_disable,6a139287-0731-40c8-9e83-b8588877bae8,5533f98f-065f-459d-b906-de7b12f8c464,network_capture,success,222.3,f84afbe5-258d-4e71-bb7c-084af1cc762c,end
3299f5b3-607d-4f7a-a012-522e7d239c57,2026-08-24 00:12:18.514230738,147,documentation,evidence_logging,6a7696d9-ff7d-4a9b-a81f-128fb0cd4df1,9fae1615-235a-4eb0-bfed-af29b122450a,network_capture,success,176.3,ce44a2d5-ab72-4621-82fd-510f8d5b4bb6,end
51fe0255-15f4-4fc6-9072-14579ff86194,2026-07-05 05:27:10.585176359,148,analysis,root_cause_analysis,592ff116-25e4-40ff-8611-b2cb51219fc8,88e1bb4b-f6a7-4e95-8c1b-5e00fe1f1422,memory_dump,success,326.6,da52ca59-a868-4eea-96b8-94c022f66c63,a53e69c0-ce69-4a18-8b88-9a21210b5f76
738de7aa-c437-49a3-b5ce-3c04ca269347,2026-08-12 09:58:56.032192074,149,interview,witness_interview,6329b590-0222-4ba9-a332-f40e3b03d096,839baf51-e741-4962-b653-72f65f165af2,network_capture,failed,320.9,first,end
faf70b72-72f2-4050-98f6-5c7a072a4a18,2026-08-22 08:05:59.531088759,150,evidence_collection,log_review,99153f04-f7df-4583-96d0-380ade0d2dd8,1e24afdf-cfdd-430e-8b93-4d9e298c33d5,network_capture,success,8.6,9badea84-7458-4535-b400-6439415f02eb,87ae955e-6a81-4f7b-8b97-7cab411b6b0b
aef3f8b4-f339-4d74-a201-04b45f7738eb,2026-08-06 12:10:31.442900238,151,analysis,timeline_reconstruction,31a405d7-70b0-476f-a8c6-f09e7cba04b8,f15b6175-ef77-4dca-a536-c1e433512eac,memory_dump,partial,5.8,8e341868-fd3e-4d7c-ba82-f7df53c68319,299d22b5-295b-4183-946a-46e4d586b095
a59aea00-ce1e-490c-a41e-7ff84f1ee9d7,2026-08-17 16:16:10.629085335,152,evidence_collection,disk_image,4493dabe-c1c2-4466-8661-5a8582a9e0c6,21877eb4-634b-49ec-87af-02c3c150a861,network_capture,success,8.5,42b07bf4-3097-45f1-b223-53ed7cda965e,1dcb099b-58bd-4890-b01c-695a19362307
b57f3e2a-1dfe-46cb-a40b-c8ed481b9f40,2026-08-25 04:54:51.743415473,153,evidence_collection,log_review,652b7c33-5c21-4854-a3ce-c1e9fbd2c1da,3d968691-d66f-4c16-b65b-4d4e13f653e1,none,partial,64.8,first,a9efc220-f284-4035-a8cd-b4f750c2ca66
e6f0fd23-9d7d-4d51-be74-78ce21d7817b,2026-07-08 13:38:36.954068449,154,containment,host_isolation,444e87cf-e0f3-49bd-9dd1-aea7049cde7c,fd5b375b-1869-428e-a636-73ddd4735a6f,email,success,68.9,f3dad002-63d0-4869-8c0b-80735a1f6914,248ea44b-aa13-445a-bc93-475dd940a422
ff80e95e-be20-481e-ab36-efcee47c7648,2026-09-27 12:13:49.323428008,155,evidence_collection,email_export,f904881a-6a77-44cc-ad50-fee2232c97bc,1a2d2f4f-fdf1-47c6-929d-a13a0501ad90,screenshot,success,66.2,5c86a839-1971-44e4-b555-b54244e3ee55,28dfcc8d-d8e1-4fd0-bc99-0d5d680d5ec9
9a6fef68-c66d-4da9-a4cd-98e800644797,2026-08-22 21:48:23.118371781,156,interview,witness_interview,35685d37-9f69-442d-8f24-0904c101a84b,d923a46c-303b-431b-b467-b1ca917c1d4e,memory_dump,success,193.0,ed035f6e-66d2-43ab-aaf8-2ba0e34fce26,a5c11c1b-dcce-46d7-af78-2f78e3a935b4
f66f2f59-2c41-4c02-a438-047ae709a08f,2026-07-10 03:39:44.008447984,157,documentation,evidence_logging,bf98b9ae-ef9e-4246-a20c-e1e9c5f6386f,4bd93202-2b01-4e19-a48f-a36d8a4a3823,network_capture,success,64.9,fc989b65-80c6-44c7-a120-897011130cae,end
5b777c38-dba4-4621-a1d0-c87dc2c6ae04,2026-07-15 06:12:01.355761307,158,analysis,ioc_correlation,c1991e34-66d9-4a45-a8ff-a44796275ce1,4aa2d6ac-10be-4ea3-9693-13e00b0bc2b9,screenshot,failed,64.9,197350e6-9bb5-4aff-aac2-eae17ed965fa,end
749f6596-ed16-49f9-a41d-d26aed8e50fb,2026-09-16 20:44:32.352672477,159,evidence_collection,network_capture,2d508854-b183-4deb-bd95-f6743adc1408,bbd06eea-7c55-4106-9261-455ed4e4117a,memory_dump,success,11.4,bfee07ca-0d3c-41d3-8e55-3dcc57e4e532,7af20694-13a5-4cc0-a245-77c7599ead89
f4cacc92-8e55-4120-8525-e362905ec756,2026-08-18 04:19:32.064803071,160,evidence_collection,disk_image,87f687ec-84cc-4265-95bb-2a25d8e14076,2bc2e925-b70e-467d-9359-9bb31739a427,disk_image,partial,27.1,db00cf34-fc6b-4795-8379-e97863c58d47,eb62f93e-3e78-44d8-a016-5b29ce9c301b
58889d1f-6ed0-4135-ba5f-9b9f5fd58712,2026-09-26 15:49:19.770011541,161,communication,stakeholder_update,08542d2d-57c6-4188-8ae0-7ed39a618802,70b4a62e-56b0-49a6-96e7-b409737e492c,memory_dump,success,203.9,c84bb6ea-708e-4c09-9840-d50c8ae50ec2,633ebb7c-d6c7-4d58-b378-a6ec7258500d
1e9e08d5-844c-46dd-9454-d6c0019c4a87,2026-08-08 16:38:45.958894358,162,analysis,timeline_reconstruction,948fb30e-b2d7-4740-b982-cad218c2d834,54a30396-e5cf-4101-b169-6b8b98b0b55d,email,failed,315.2,first,end
f7de2c5f-edd4-4454-b97d-c8e9704b8c03,2026-08-14 10:29:31.150962505,163,documentation,timeline_update,32c68288-a0b5-41d4-b9cb-3210e1a617dc,f35095ce-3c06-491b-8f74-7ff11b4fe550,memory_dump,success,25.1,d6f18d8c-9f6d-4ddc-897f-75324edc8cb4,b3b3f5f5-8f61-494e-9134-bad2439d9f5c
75a9935d-4e7d-4d6f-a1ef-fff83c82cc84,2026-08-02 00:02:10.615595064,164,containment,host_isolation,88bcec88-b519-4c91-9f8e-11f22f84e553,e0057a1d-91a5-4f21-bf9e-55e992710d1b,disk_image,inconclusive,70.1,first,64b37b0c-0d7f-4c42-8dfe-5baf2f1edc6b
02ce9aca-97fc-4445-8c3c-506515bcb781,2026-08-02 04:23:29.282860154,165,evidence_collection,network_capture,8a70fab3-e859-49c9-af06-381c5deda0a9,e0f65709-e40e-40e8-bbaf-669ec949532e,log_file,success,23.5,183f2936-f0ae-407e-be2b-06d905662858,32772163-c567-4eaf-8dcf-36638294da65
ade08cc0-d686-44fa-9d16-f66344db0231,2026-08-27 04:57:13.649876941,166,documentation,report_drafting,804d3914-9dc2-42ef-8372-bacc37c3f329,5e7b9704-1488-4079-81e6-2b7f9e948cb8,none,failed,182.3,148e30b4-be90-40f0-b098-4b131697a3ba,end
4acd69e4-d55e-4b6e-9999-d42915973746,2026-07-27 09:07:55.562913820,167,interview,witness_interview,7ae1f7da-193f-4461-bdf2-0528b91c9dbe,942a43dd-6011-4ad3-a20e-439dedd73e07,memory_dump,inconclusive,32.1,ab764099-197b-4023-94dc-0fa6920f0424,end
20b32b2c-08ac-4a7a-a98f-f36d56e006d8,2026-07-23 20:34:00.315664716,168,analysis,malware_analysis,7b82f089-d8fc-4d6d-99ae-0a3d128ad9a0,ff3df203-dc19-49a8-8499-eeac7b572159,network_capture,success,78.2,48d00729-59fb-4177-bb5f-5d6655f9353c,end
11173d7e-1990-48c2-954d-00db771b11bc,2026-07-06 07:21:49.406349519,169,documentation,report_drafting,3db25639-2cc1-4b5b-9338-79de769e5bd9,e14a939e-4783-4cb8-b618-2069201aa2a1,memory_dump,inconclusive,25.8,first,fa2ed77e-c478-45e3-b21d-18aca9cc106f
72c746ba-c269-4832-b80d-ca3f384882ac,2026-07-06 03:22:49.581511228,170,interview,stakeholder_interview,7c30d621-0973-44b5-b1ce-f4e38dfeb7eb,bf9148b5-9a63-4906-8883-ee93a4c7ecb4,log_file,success,19.1,e1dd5c2a-fbf5-46f3-9f4c-d876f4aefaf5,6c737fcd-5e58-4d2e-9805-3746d2722024
67415b08-1f22-47e5-8b61-167689424d16,2026-09-19 00:32:45.745312035,171,evidence_collection,disk_image,5fdbc2a7-4b02-42ec-97e3-00d0f174ae23,f06f3d0e-af6e-413e-86ea-8e7515d97200,log_file,success,210.4,first,end
1296fe1b-56c9-4c31-8a42-4e206458c504,2026-07-16 14:11:28.754108581,172,analysis,malware_analysis,e8bfe4fb-37df-4705-bd89-fc5dc500e470,e599ca34-e0ca-42fe-bee1-3a2c47c75c0a,log_file,success,40.3,first,39bf3a4e-a6e6-4cd4-a043-6a9b9c9e9183
869f2405-24d1-4c2e-8743-63fa651160db,2026-07-02 05:27:46.804325234,173,communication,customer_notification,a8aef10c-0445-48b7-b319-9ff59934e0d1,14411385-cd21-4a18-8dcf-92e8a554b189,memory_dump,success,130.3,9842271f-c555-41a7-9d96-8bc426eeb72a,end
3c31082d-1e01-4a2b-8202-570f5c8945fe,2026-09-14 18:10:59.669538055,174,documentation,evidence_logging,dc2d74cc-7991-4c05-9d5f-00f987f6762b,16a5902c-3e52-4eeb-bd7b-8fbe139acf18,screenshot,inconclusive,142.1,90f4fdc4-9522-492c-8101-eb56e1ada5ee,end
fe246104-e1dd-4dc9-9e60-4e2f81e30328,2026-09-23 09:03:07.296525944,175,documentation,report_drafting,3a1f6e11-e772-408b-8a59-d45b17cfe80e,37ee611b-c3f5-42b7-97f6-5e364f4b9c5f,disk_image,success,73.0,first,b38cce06-f5fb-4056-84a3-9ae8d5e1b25a
b843d4ad-2d60-4780-8fab-f00c2709636a,2026-07-12 01:26:40.666233245,176,analysis,malware_analysis,3b87d67b-8504-4ac3-b486-2a6e2fc4edc2,1150022d-5f23-485c-a1d7-6abc00a83663,disk_image,failed,48.7,fa0a887e-bb30-4242-a215-273175c22914,end
a07d5b47-4243-45c3-a017-eb6af9b1e080,2026-09-25 14:25:33.264459983,177,analysis,ioc_correlation,ebfeb94f-ff5b-4c80-a481-21837c24b9d9,d03d82d8-904a-4df3-9e51-a52b8f794a1f,network_capture,success,23.8,82d4aa66-012e-454e-8f21-db27f47ecc86,b86981df-ea49-4ccf-a24f-58836b50a4e5
9d3942b5-3801-4b7a-a23f-7e0bd09b4eaa,2026-09-12 09:18:45.114938468,178,analysis,root_cause_analysis,b664511e-b711-4bd6-9183-f5aab5d37813,c5158adb-ef41-4565-a129-6765a81654fa,memory_dump,partial,16.8,first,end
ba3d6edc-e374-4dda-a71e-886081d286be,2026-08-31 03:50:16.052238965,179,analysis,timeline_reconstruction,b3bc7055-bec5-4bf6-9444-6aa8454b1602,0ce3951f-f0ca-4738-bba5-69d8d71a7f75,network_capture,success,20.6,first,end
61be2612-aa62-4bf8-93ab-d5d270931084,2026-07-08 22:32:01.798775369,180,interview,hr_interview,205f51d3-e57d-4607-bac4-c5445fbcf545,87397135-e76c-4d35-805b-39e9d1a50069,disk_image,success,101.8,b49e8341-29cc-420b-b279-bf4d3a542c23,487dd619-1bf4-4ec0-a6ee-6e12bdade155
9105a4c5-427d-4d95-aeed-73303f66d57f,2026-07-12 13:17:41.736919243,181,documentation,report_drafting,b7d4654b-a90a-43b0-869a-186b56d690c5,f80a2be0-eb3c-4f7b-8c0b-65357e362ef7,log_file,partial,150.3,3a4577f0-c92f-40e2-bd30-a4d524f097af,end
b6ac647c-4e94-4c01-9447-28df2eae61fc,2026-07-31 19:34:14.336805419,182,evidence_collection,network_capture,ea1d6f89-848c-4a7b-8040-c4cef2874ddb,404979d5-5fd0-4f59-82cc-2206e973945e,disk_image,success,338.9,2eb93080-f586-4120-aa68-99d5f4e6b221,d827abb3-8e5e-494e-b297-ca2961f89208
e585adbb-7402-45dd-a1ba-d0a3677118d7,2026-08-04 16:22:57.355625442,183,interview,witness_interview,779b4c2d-6de7-4d0c-882e-a37fe01ae5a6,d2438931-33ac-4ead-859a-111c185172be,network_capture,success,18.1,first,end
c4eba5d8-17f5-46e9-9f82-116f0e10bcd2,2026-09-19 05:00:14.382603364,184,evidence_collection,network_capture,303ffc9f-da24-491c-921f-0c273865b317,015d4f90-f352-47ed-ba13-6bf5cdddc178,email,success,63.0,88ed9a0a-f990-4037-81b3-2644849b0f9a,41d1327d-8382-43bd-8b36-ff44d7a80691
1400063a-9078-4087-97dc-93a672018496,2026-08-20 13:02:59.558557274,185,documentation,report_drafting,fb4b8f72-30fa-40ee-9995-b9839ac8e054,5d8b701a-5df8-42bb-a90f-d72d7aeda48b,log_file,inconclusive,61.6,c4663a63-c4dc-49fc-a68a-02f641418246,end
a49c59ee-2eb6-48e7-93ad-ac9df5574199,2026-07-24 11:30:10.340128166,186,evidence_collection,log_review,651cc237-908b-49ff-86bd-986173204361,556c9884-2737-449c-9d41-73671962c6ab,memory_dump,success,32.5,3af752a8-d72b-4b34-9f5f-0c22575e64a5,end
220dfe8f-380e-482d-80fb-22c17c8d8262,2026-08-26 19:50:15.614057830,187,documentation,timeline_update,9304c355-eb1a-4aef-8a23-4ee2548aced7,20cff0ed-ed04-41b1-8cdd-8c22533d8331,screenshot,success,65.7,d2e36b09-5b74-4464-939f-416081323c76,99486ed7-4242-4c4c-ad09-ca3a4e6750a9
dacd74b8-81f1-4320-857a-9cf8d28bb0e3,2026-08-12 20:38:42.128732215,188,analysis,root_cause_analysis,0364b191-2369-454f-8d87-ac49f1a34c7c,83c53d95-d0ae-4fd7-98cd-7d4a67f90edb,memory_dump,success,85.2,33a4ddcf-31bb-4d7c-a07e-d953a6cc2e24,end
f035e278-ee60-4b0b-b2e9-2033ca01d04e,2026-07-06 06:53:16.085497253,189,documentation,report_drafting,82b9f37f-c9c1-4307-83a4-f81a14ef6bc7,cceba12d-130f-4f97-9195-30414d5b8681,network_capture,success,23.9,9b0e178a-47a6-465a-8263-e3eb0e45c493,6432c4d0-10e3-4475-863c-8b51e04d990d
046b9f99-e13e-4d07-b3c7-6f0e807a9b95,2026-09-14 00:42:27.722386914,190,analysis,timeline_reconstruction,e3c2f4bf-4586-4877-bcea-cd5bedcec3b6,37d7f701-524b-4b69-b628-e27ed10ac9bf,screenshot,inconclusive,160.8,f97923a6-9ce0-4974-95c1-9e6309c8c70f,end
12a887ed-509a-402b-9202-bf5bc8bd3efa,2026-07-12 19:21:52.398990484,191,containment,network_block,74241cf4-a0aa-484f-aa57-840d22070b1d,55208a5a-b2bf-4040-a005-c7d2f84ebd50,network_capture,partial,8.6,6ea9c18e-313b-49b7-a360-02203e9c9771,end
7eda2afb-8a51-430d-9f7a-06b790e7e610,2026-09-23 01:43:08.737878524,192,analysis,timeline_reconstruction,be5c6a54-4473-40a3-a2fc-26c756b448fd,cef2e47c-ca60-4ccb-b238-d8ba5fbc9e1c,none,partial,166.3,first,51ce5417-1dea-4f1e-9394-c8f40a71f4e9
037f7111-48ba-4f46-a6af-d426474826de,2026-07-23 21:39:20.164964519,193,interview,stakeholder_interview,88b5149f-da93-46f9-883b-e6c6b82615e5,44cb4ca0-bc59-4102-91b0-69afb5ea207f,none,inconclusive,75.4,9a117cfa-556f-4667-8f11-17ee118e6410,5a926f95-7640-4bdc-8d6e-30d544956be8
0f209996-69f4-4704-8306-51029dbd8e7d,2026-07-05 23:50:11.265661423,194,containment,credential_reset,592652b7-32b4-4a48-9a76-6a2d083c36fc,8663ff6c-1d70-4e3c-be2d-6cab08bf7453,log_file,inconclusive,15.7,first,4279fc85-02c1-4c3e-ba8d-6f47c7b8d663
592b07fd-bcdf-44ea-baa4-ccc5cd5e9f71,2026-07-18 16:32:35.588154794,195,containment,host_isolation,3ae38d35-14fa-45a1-b1ab-00507b333596,61fe4da2-2cd3-4c03-9392-b241f074ee57,network_capture,success,65.5,217cd78d-d5f0-498a-a830-0c4af8dba5a1,268ccfe4-9563-4d4a-9c7c-9e5eb3967bcb
816170a8-f5ff-4b0f-ad6f-54b3b419f4b2,2026-09-24 21:19:32.917345906,196,analysis,malware_analysis,2323ba7e-2087-4bc5-8926-6e9155d4b6b3,303a14f1-a683-4471-a18b-784a2f1f8d8b,email,success,206.4,3ac9c8c5-ca97-4a37-a6e3-febdd577daa7,2f1978dc-df33-4d30-a81e-0a10c54ff523
4eabc3e0-b83c-4a9b-a6f6-d4b16d5209a1,2026-09-24 19:00:21.647167314,197,communication,stakeholder_update,6d8b9977-9b16-4049-a232-1773910742c6,c551604c-f69b-4b37-ba36-74304385c314,screenshot,partial,83.1,140ec7cf-cbdc-4246-a265-94de376c9c18,end
f44dd231-0392-4e8f-b363-6c169f05af1c,2026-09-18 06:44:23.422745479,198,containment,credential_reset,e11cdef7-9a53-45a4-9c45-60d3f6a60055,ed17d7a9-acff-4073-9a5e-c654fafb79c5,log_file,success,218.8,68a786d1-abdb-429d-a7f3-dd03ff88282c,end
84304421-2100-47ee-b852-8e9602da3f6b,2026-09-27 09:57:00.207894037,199,interview,stakeholder_interview,d24e2aa9-d018-43cd-8d92-926cd854befa,1e9b40cf-2b28-4de1-8d3e-95087f449f94,network_capture,success,65.6,first,ed804192-1107-4c63-81a2-27ad185f2fc3
46c3a506-d86c-4fec-b5b6-8c2ecae127c7,2026-06-30 04:06:45.376463680,200,analysis,root_cause_analysis,f8e1f256-f4ad-4c2f-b5f0-38685be4e59d,a0b7afe9-4ed7-459a-bfd5-b8f24ce53973,none,failed,6.8,first,26844dcc-2f58-4e38-9684-0be4f51292c5
